supplierCode,supplierName,supplierNotes
AASE8,Allied Automation Security & Electrical,
ADAU2,Advantech Australia Pty Ltd,
ADDO,Addonics Technology,
ADEL0,Adelsystem Intergrated Electronic,
ADMI3,Adm Systems Pty Ltd,
ADTE0,Adlink Technology Inc,
AEAU2,Arrow Electronics Australia Pty Ltd,
ALDA02,Allied Data Systems Pty Limited,
ALEN3,Alpha Energy,
AMDI8,Amdi Pty Ltd,
AMPL0,Advanced Micro Peripherals Ltd,
AMTE2,Ampec Technologies Pty Ltd,
APLEXO,Aplex Technology Inc,
ARTE00,Astec International Limited,
ARTI0,"Artila Electronics Co., Ltd",
ASGA2,Associated Gaskets Pty Ltd,
ASLT0,Automated Solutions Ltd,
AUSP2,Thomas Marsh & Co Pty Ltd,
AVSY0,Aviosys International Inc,
BENBRO,Benbro Electronics,
BRFO2,Brayfords Engineering,
BRST8,Teledyne,
BWFM8,Battery World Fairy Meadow,
CACO0,Cambridge Connectors,
CAFX4,Camera Fx Electronic Security,
CAGR8,The Cardan Group Pty Ltd,
CAKI0,Cathay Kim Co Ltd,
CASE8,Cambush Sercurity Solutions Nt Pty Ltd,
CAWH8,Campbells Wholesale Pty Ltd,
CCSO8,Choice Computers Solutions,
CDJR8,Cdj Rubber Products,
CNSPA2,Cns Precision Assembly,
COAP0,Control Applications Ltd,
COLT8,COLTERLEC ELECTRICAL ENGINEERING PRODUCTS,
CONE0,Conel S.R.O,
COSO8,Comnet Solutions,
COTE0,Connect Tech Inc.,
CRGK0,"Cross Gate Korea Co., Ltd",
CULO0,Current Logic Group Ltd,
DAYS8,Days Industrial,
DEBE4S,Debetrek,
DIME8,Dimension 1,
DITP8,Diamond Traffic Products,
DLSE8,Detector Loop Services Pty Ltd,
DOEL0,Douglas Electronics Inc,
DRPR2,Derby Rubber Products Pty Ltd,
DSCO0,Diamond Systems Corporation,
DUXT8,Duxtel Pty Ltd,
ELAL2,Electronic Alliance,
ELAL2U,Electronic Alliance (USD),
ELDI2,Electus Distribution Pty Ltd,
EMTE3,Embedded Technologies Pty Ltd,
EPAS8,Enviro Power & Security,
ESMAR8,Esmart 21,
ESTR0,Estron A/S,
ETMP2,Etm Pacific Pty Ltd,
EXTE8,Excel Technology Co  Pty Ltd,
FARN2,Element14 Pty Ltd,A/C: ST 53
FEDU8,Fenner Dunlop,
FJLA2,FJ Lambert & Co Pty Ltd,
FLPE0,Fluid Power Energy,
GAGA2,Tucks Industrial Packings & Seals Pty Ltd,
GASO0,Gain Sonic Hearing Snc.,
GEAS0,Gett Asia Ltd,
GEMA2,Gemalto Pty Ltd,
GENO0,Semtech Canada Corporation,
GLYN2,Glyn,
GRAU8,Gcp Australia Pty Ltd,
GSYE0,Soundmax Co Ltd,
HARB2,Harbuch Electronics,
HDLO2,Hornsby District Locksmith P/L,
HIGH0,Highlight Manufacturing Corp,
HOHO8,Hollyhock Batteries Plus,
HSCO0,Hongkong Superbat Co Ltd,
IDCO0,Innodisk Corporation,
IHELP0,Ihelper Inc,
ILFA8,Illawarra Fasteners Pty Ltd,
INCO,Innocomm Mobile Technology Corp,
IRIS0,Infrared Integrated Systems Ltd,
ITIN0,In'Tech Industries Inc,
JAYC2,Jaycar Pty Ltd,A/C 502424-2
JBGR2,John Barry Group Pty Ltd,
JDEL7,John Dennison Electrical,
JEMC0,"Hanphin Technology Co., Limited",
JKMI0,Jk Microsystems Inc,
JTGR0,Te Connectivity Solutions Gmbh,
KDEL8,Kdec Electrical Pty Ltd,
KNEL0,Knowles IPC (M) Sdn Bhd,
MAIN2,Master Instruments Pty Ltd,
MAIN8,Marciano Industries,
MAOR0,Matrix Orbital,
MAYO8,Mayo Hardware Pty Ltd,
MCAS2S,Mckay Associates Pty Ltd,
METR6,Metrocount,
MITR8,United Mitre 10 Home & Trade,
MWAVE2,MWave,
MWEC2,Myles Walsh Electrical Pty Ltd,
NATI0,Natiive Digital,
NESO8,Network Electrical Solutions Pty Ltd,
NEWL0,Newland Tawian Inc,
NIKE0,Ningbo Keo Industrial Development Co Ltd,
NSTC0,Nanjing Seltech Trading Co.Ltd,
NUSH0,Nu Shleild,
OLIN8,O-Lin Security Solutions,
ONYX0,Onyx Healthcare Incc,
OTEL2,Otis Electrical,
PAEN2,Park Engineering,
PDAU2,Packaging Direct Australia P/L,A/C #: 000248
PHCO2,Phoenix Contact Pty Ltd,
PIAU2,Permark Industries Aust Pty Ltd,
PRMA2S,Precision Machining Co. Pty Ltd,
PROC4,Proconnect Pty Ltd,
QCCL0,"Qcc,Llc",
QUAN0,Kontron Asia Technology Inc,
RAMZ2,Ramzonics Pty Ltd,
RBMP8,Rbm Plastic Extrusions Pty Ltd,
RFAU3,Ramset Fasteners (Aust) Pty Ltd,A/C: 0200712
ROTE8,Rotech Group Pty Ltd,
RSCO8,RS Components Pty Limited,
RSSO8,Rowles Site Solutions,
S00001,Abico,
S00002,Able Fabrications Pty Ltd,
S00003,Accelerated Training,
S00004,Acton Hire Vehicles,
S00005,Advanced Pest Control,
S00006,Altec Group Pty Ltd,
S00007,Appcdm,
S00008,Aroflo Pty Ltd,
S00009,Ashleigh Turner,
S00010,Assett Professional Services,
S00011,Ast Technologies,
S00012,Ato Australian Taxation Office,
S00013,Aust College Of Commerce & Managemen,
S00014,Aust Securities & Invest Comm,
S00015,Austalia Wide Taxation & Payroll Training,
S00016,Australia Post,
S00017,Australian Beverage Corporation,
S00018,Avetta LLC (by AF CR Card),
S00019,B.L Motors Mechanical Repairs,
S00020,Barnetts Factoring Pty Ltd,
S00021,Best Packaging,
S00022,Bingo Waste Services Pty Ltd,A/C: C0007397
S00023,Blg Audit Services Pty Ltd,
S00024,Blg Business Advisers,
S00025,Blue Star Atlantic Pty Ltd,
S00026,Bmt Tax Depreciation Pty Ltd,
S00027,Bng Contractor Services Pty Ltd,
S00028,Brandworx,
S00029,Bright Line Road Markings Pty Ltd,
S00030,Browz Australia,
S00031,Bureau Veritas Australia,
S00032,Butler Hr,
S00034,Ampol - direct debit,
S00035,Camray Air,
S00036,Cartil Pty Ltd,
S00037,Cgu Workers Compensation (Nsw),
S00038,Cgu Workers Compensation (Vic),
S00039,Chocolate Coded Pty Ltd,
S00041,Cirus Networks,A/C 1878326
S00042,Clarity Enterprise Pty Ltd,
S00043,Clark Automotive,
S00044,Cleanaway Southern Nsw,
S00045,Conserve,
S00046,Couriers Please,
S00047,Crystal Wickett,
S00048,Cw Brands Pty Ltd,
S00049,D.N.Bishop & Co,
S00050,Dapto Travel,
S00051,Dedja Investments Pty Ltd,
S00052,Dell Australia Pty Ltd,
S00053,Design + Industry,
S00054,Dhl Express Australia Pty Ltd,
S00055,Dhl Global Forwarding,
S00056,Digital Aqua Pty Ltd,
S00058,Dls Traffic It Systems (Qld) P/L,
S00059,Eaa / W E S Components,
S00060,Engin Bpay,A/C 10076003
S00061,Eset,
S00062,Express Tools,
S00063,Fairy Meadow Electrical Services,
S00065,Fed,A/C 1543-1354-0
S00066,Fermion Psychometric Testing,
S00067,Film Symmetry Video Productions,
S00068,Fire Service Plus,
S00069,Fleetlogix Pty Ltd,
S00070,Flytech Technology Ltd,
S00071,Gateway Renault,
S00072,Guardian Fire And Security,
S00073,Geoffs Tools/Harwood Mills,
S00074,Health Informatics New Zealand,
S00075,Komatsu Forklift Australia Pty Ltd,
S00076,Hillen Staff Solutions,
S00077,Hills & Denny Electrical Contracting Pl,
S00079,Holding Redlich,
S00080,Hosting-Australia.Com,
S00081,Hubspot Australia Pty Ltd,
S00082,Hydro Hyrdo-Plus,
S00083,Indratel Australia Pty Ltd,
S00084,Ing Direct,
S00085,Insuret Pty Ltd,
S00086,Interlink Roads Pty Ltd,
S00087,Ioh Injury & Occupational Health,
S00089,Iqpc Pty Ltd,
S00090,Jax Tyres Warilla,
S00091,Jay Mar Concrete Services Pty Ltd,
S00092,Instrument Choice,
S00100,Jim'S Test And Tag Shellharbour,
S00101,Joe'S D.I.Y Ply & Wood,
S00102,Joshua Heaven,
S00103,Kajeeva Solutions,
S00104,Kells,
S00106,Laser Group Management Pty Ltd,
S00107,Linden Plumbing,
S00108,Marshall Marks Pty Ltd,
S00109,Mb Electrical And Data,
S00110,Mgz Consulting Llc,
S00111,Micon National Office Supplies,A/C MICROM
S00112,Microchannel,
S00113,Modfab Pty Led,
S00114,Semico Components,
S00115,North East Electrical Pty Ltd,
S00116,Nrma,
S00117,Nsw Business Chamber,
S00118,Nucleo Pty Ltd,
S00119,Octomedia Pty Ltd,
S00120,Orangegrove Holdings Pty Ltd,
S00121,Origin Energy Electricity (BPAY),A/C: 200 011 984 586 A/C: 200 009 453 974
S00122,Orora Fibre Packaging,
S00123,Pac Components Pte Ltd,
S00124,Peacock Bros Pty Ltd,
S00125,Pennant Hills,
S00126,Pioneer Websites Pty Ltd,
S00127,PJ'S Loop Service Pty Ltd,
S00128,The Precision Printers,
S00129,Qbe Workers Compensation,
S00130,Ramsetreid,
S00131,Reckon Limited,
S00132,Remondis Australia Pty Ltd,A/C: 116256.000
S00133,Resolve Technical Solutions,
S00135,Return To Work SA (BPAY),
S00136,RMB Lawyers,
S00137,Rockdog Amplifier Repairs,
S00138,Sanokil,
S00139,Securepay Pty Ltd,Merch Account: XPW00
S00140,Seek Limited,
S00141,SGS Australia Pty Ltd,
S00142,Shepherd Electrical (Act) P/L,
S00144,Spacpac Industries Pty Ltd,A/C: 7MICROMAX
S00145,Davin Industries Limited,
S00146,Gainfort'S Pty Ltd,
S00147,St George Bank,
S00148,St George Bank US Trans Fees,
S00149,Ramelec Electronic,
S00150,RMS Components Pty Ltd,
S00151,Rms Parts,
S00152,Wiltronics Research,
S00153,X-On Electronics,
S00154,Thomas Warburton,
S00155,Stowe Australia Pty Ltd,
S00156,Sunset Strip Automotive,
S00157,Susan George Cleaning,
S00158,Sustainable Certification,
S00159,TAFE NSW,
S00160,Taiwan Pulse Motion,
S00161,Talitor Technology,
S00162,Telstra Limited (BPAY),A/C: 121 7679 000
S00163,Tenderwatch Pty Ltd,
S00164,The Flagstaff Group Ltd,
S00165,The Hardware Man,
S00166,Tile & Bathroom Supastore,
S00167,Titanium Traffic Plans,
S00168,TNT Australia Pty Ltd,A/C:30016820
S00169,Toll Express,
S00170,Toll North Pty Ltd,
S00171,Toll Priority,
S00172,Tr Calibration,
S00173,Traffic Data &  Control,
S00176,United Parcel Service Pty Ltd,
S00177,Upsscs  Ups Scs (Australia) Pty Ltd,Cust No:750326795
S00178,Vocam Worldwide Publishing,
S00179,Voixmate,
S00180,Vtrac World Wide,
S00181,Warehouse1,
S00182,Westpac,
S00183,Wintrade,
S00184,Wollongong City Security,
S00185,Workcover Queensland,P/N:WAD150772486  A/C: E0006698788
S00186,Wynstan Designs Pty Ltd,
S00187,Zippy Golf,
S00188,ADT Security (BPAY),Customer no:53450
S00190,Excite Technologies,
S00191,Johnson Controls Australia Pty Limited,
S00192,SOUTH COAST LOCKSMITHS,
S00193,EAA/WES ALLIANCE USD,
S00194,Primus Security Pty Ltd,
S00200,IBASE TECHNOLOGY,
S00202,Shift Computer Solutions,
S00203,SMB Solutions Cloud Services Pty Ltd,
S00204,XT-Elecrow (Use Other Acc),
S00207,icare Workers Insurance,
S00208,Little Pot Creative,
S00209,Leader Computers Pty Ltd,
S00210,Complete Computing,
S00211,BWR Technologies Pty Ltd,
S00212,M Wave,
S00213,Therapeutic Goods Administration,
S00214,Fluid Power Engineering Solutions Pty Ltd,
S00215,DEBETREK,
S00216,SYS-MAC (Do not use this account),
S00217,Sektor Pty Ltd,
S00218,Sys-Mac Automation,
S00219,XT-Elecrow Ltd,
S00220,Kapmal Pty Ltd,
S00221,Advitech Pty Ltd,
S00222,Linkt Sydney,A/c # 72097C (e-toll)
S00223,EASY STORAGE TECHNOLOGIES CO LTD,
S00224,SHENZHEN UNIT POWER TECHNOLOGY CO LTD,
S00225,MDS Pacific Pty Ltd,
S00226,Peter Warren Automotive Pty Ltd,
S00227,HS ROADS,
S00229,TINDEI INTELLIGENCE TECHNOLOGY,
S00230,TELTONIKA ASIA PTE LTD,
S00231,Pixelcase Group Pty Ltd,
S00232,DIGI-KEY ELECTRONICS,
S00233,Optus Billing Services Pty Ltd (BPAY),
S00234,Sprocket Pty Ltd,
S00235,CIPEM HK Co. Ltd,
S00236,"Shanghai Cando Trading Co., Ltd",
S00237,Maid by Ellee Jean,
S00238,Gerardo De Liseo,
S00239,Global-Mark Pty Ltd,
S00240,"David Power Electronics Co., Ltd.",
S00241,Hardware Bargains Pty Ltd trading as The Fastener Factory,
S00242,ARCHFORD,
S00243,FJP Manufacturing Pty Ltd,
S00244,LEFENG LOGISTICS AUSTRALIA PTY LTD,
S00245,"TD Intelligence (Guangzhou) Co., Ltd.",
S00246,Traffic Facilities Maintenance Pty Ltd,
S00247,Wise's Boxes,
S00248,Opal Packaging Australia Pty Ltd,
S00249,Konnect Fastening Systems,
S00250,"Shenzhen Rivers Technology Co., Ltd",
S00251,Kapha Alkaline Water Solutions,
S00252,WinnerteK (Use S00433),
S00253,Crazy Domains (BY EB OR BL CR CARD),
S00254,FS.COM Pty Ltd,
S00255,DTDS Technology Pte Ltd,
S00256,LTECH,
S00257,ERNTEC Pty Ltd,
S00258,Nida Technology,
S00259,EML VIC -VWA (Victorian WorkCover Authority),
S00260,"Yongzhou Picell Electronics Co., Ltd",
S00261,CS Concrete Polishing,
S00262,Oztechshopping - On Line,
S00263,Ramcity Australia - On Line,
S00264,Paramount Bed Asia Pacific Pte. Ltd,
S00265,PRASAMSHA DHAKAL,
S00266,Marsh Alliance,
S00267,ESTRON A/S,
S00268,Avalue Technology Inc.,
S00269,1300StarPickets,
S00271,Spacepac Industries,
S00272,Powercom,
S00273,Crestwood Electrical Pty Ltd,
S00274,Phillip Walters Electrical Services.,
S00275,Elecrow,
S00276,Future Electronics Inc. (Distribution) Pte Ltd,
S00277,Wireless 1,
S00278,LAN Installations Pty Ltd,
S00279,Video Security Products Pty Ltd,
S00280,Teltonika Australia Pty Ltd,
S00281,Upskilled Pty Ltd,
S00282,Sales Star Australasia Limited,
S00283,CW Brands,
S00284,FD Global Corporation,
S00285,Castle Electronics (Aust) Pty Ltd,
S00286,i-LEC Group Pty Ltd,
S00287,Lumen Resources,
S00288,WAGO Pty Ltd,
S00289,Blazestop Fire & Electrical Safety,
S00290,UnicornShift,
S00291,WT Microelectronics Singapore Pte Ltd,
S00292,Battery Specialties Pty Ltd T/as  BSA Group Australia,
S00293,Data#3,
S00294,iCam Security Services,
S00295,Flagstaff Group,
S00296,Elecom Electronics Supply,
S00297,Dumac Engineering Pty Ltd,
S00298,Bac Systems Pty Ltd - NSW,
S00299,SODAQ Products B.V.,
S00300,BNZ Automotive,
S00301,Globelink International Pty Ltd,
S00302,Damstra Technology Pty Ltd,
S00303,PM Control Australia,
S00304,Hallings Roller Shutters,
S00305,OPEN4,
S00306,"Tiger Containers Hire, Sales & Modifications Pty Ltd",
S00307,Wollongong City Motors,
S00308,St John Ambulance Australia (NSW),
S00309,Jim O'Meara Backhoe Hire,
S00310,Peter Nasta & Associates,
S00311,KUONGSHUN ELECTRONIC LIMITED,
S00312,Switched On Pty Ltd,
S00313,Minnovation Australia,
S00314,Vivacity Engineering Pty Ltd,
S00315,AI-BLOX BV,
S00316,RIC Electrics,
S00317,Kara's Plumbing,
S00318,Hong Guan Technology Sdn Bhd,
S00319,Skelscaff Scaffolding,
S00320,Property Council of Australia,
S00321,Hammerhead Enterprises Pty Ltd,
S00322,Turbo-Vac (Aust) Pty Ltd,
S00323,Rainsmart Solutions,
S00324,D&J Professional Roofing Pty Ltd,
S00325,Altus Traffic Pty Ltd,
S00326,Lakeview Interiors,
S00327,Godina Building Services,
S00328,Van Dieman Diamond Pty Ltd,
S00329,Sydney Tools Pty Ltd Warrawong,
S00330,LG Electronics Australia Pty Ltd,
S00331,Nekeema Australia Pty Ltd,
S00332,Shawn Dorney Electrical,
S00333,JRW Electrical & Communications,
S00334,All Purpose Electrical Services,
S00335,Bartolotta Plumbing,
S00336,Ekelec Electrical,
S00337,Brad Morley Electrical,
S00338,Van Diemen Electrical Pty Ltd,
S00339,Spence Electrical,
S00340,Go Hire Site Rentals,
S00341,Guangzhou Sun Young Electronics Co; Ltd,
S00342,McHugh and Eastwood (Aust) Pty Ltd,
S00343,Data Audit Systems Pty Ltd,
S00344,Hansen's Electrical,
S00345,Garrott Electrical Pty Ltd,
S00346,Signet Pty Ltd,
S00347,Coastal Windows & Doors (NSW) Pty Ltd,
S00348,BST Australia Pty Ltd,
S00349,Lawrence & Hanson Group Pty Ltd,Account # 6100485220
S00350,Bennett Plumbing,
S00351,Officeworks,
S00352,MHA Products,
S00353,Discovery Technology P/L,
S00354,Homeland Locksmiths and Security,
S00356,Leonardo’s Painting Pty Ltd,
S00357,Livewired Electrical Pty Ltd,
S00358,WHK RENTALS PTY LTD,
S00359,Masar Rizvani,
S00360,Renzo Tonin Association (NSW) Pty Ltd,
S00361,Nikolovski Lawyers,
S00362,Heard McEwan Legal,
S00363,Safeguard Safes Pty Ltd,
S00364,Elvery's Electrical Service,
S00365,BVY Pty Ltd,
S00366,Platinum Solar Designs,
S00367,Amoroso Home Improvements,
S00368,Illawarra Kitchens,
S00369,Resolve Electrical Projects,
S00370,MPC Roofing Co,
S00371,University of Wollongong,
S00372,Dan's Pest Control,
S00373,Timberclub Australia Pty Ltd,
S00374,Oz Tech (Aust) Pty Ltd,
S00375,Vantage West Electrical Service,
S00376,"Xiamen Milesight IOT Co., Ltd",
S00377,Illawarra Signs Company Pty Ltd,
S00378,MK Technologies Pty Ltd,
S00379,SYCURUS AUSTRALIA PTY LTD T/A CYBERMATE,
S00380,Thinkific Labs Inc.,
S00381,Adam Heaton,
S00382,Danis Maintenance,
S00383,JWC Electrical Pty Ltd,
S00384,Repurpose,
S00385,Aberdeen House Pty Ltd,
S00386,Green Electrical Tas,
S00387,"Expand Group Co., Limited",
S00388,JJ Lawson Customs & Freight Brokers Pty Ltd,
S00389,Franks Lawnmowing & Gardening,
S00390,Curran Plumbing & Electrical,
S00391,Australian Warning Systems,
S00392,Aramex Wollongong,
S00393,Winmate Communications U.S. Inc.,
S00394,Precision,
S00395,"Knowles Electronics, LLC",
S00396,"DocuSign, Inc",
S00397,Alpine Refrigeration & Air Conditioning Pty Ltd,
S00398,S & R Painting Co.,
S00399,Promotional Product Experts,
S00400,INDAH PROPERTY MAINTENANCE,
S00401,Maddisson Employment & Training Group T/as Edmund Barton College,
S00402,SIXT Australia,SIXT Local Account Number (KDNR Number) 466379 & Rate Key MICROX79 for Micromax Pty Ltd
S00403,Corsight AI Ltd,
S00404,Mouser Electronics,
S00405,Cognito Health,
S00406,Miscellaneous (AUD) Supplier/Vendor,
S00407,Miscellaneous (USD) Supplier/Vendor,
S00408,Winmate Inc.,
S00409,Cybermate Australia (Sycurus Pty Ltd),
S00410,Acoustic Blinds and Curtains,
S00411,Sentec Pty Ltd,
S00412,3dtracking International Ltd,
S00413,Commercial Freight & Logistics,
S00414,C&T Solution Inc.,
S00415,Construction Electrical Services,
S00416,Local Buy Pty Ltd,
S00417,QCC LLC,
S00418,Adolf Gordon Corporation,
S00419,"YUAN High-Tech Development Co., Ltd.",
S00420,Q Dynamics Pty Ltd,
S00421,You're Connected Pro Plumbing,
S00422,Michael Heaton,
S00423,Steve James,
S00424,Chris Stevens,
S00425,Jennifer Chen,
S00426,Advtec,
S00427,Belinda Lo,
S00428,FedEx Express Australia Pty Ltd,
S00429,Anthony Cuoco,
S00430,"iMedtac Co., Ltd.",
S00431,JDL Electrical Solutions Pty Ltd.,
S00432,JEHE TECHNOLOGY (HONG KONG) LIMITED_Giada,
S00433,"Magnificent-Flamingo Industrial Co., Ltd",
S00434,Neousys Technology Inc.,
S00435,Silicon Power,
SEIN0,Seltech,
SIEB0,Siebert Industrieelektronic,
SIKO0,Sin Ko Electronics,
SMCP2,SMC Manufacturing Pty Ltd,
SOAN2,Soanar Electus,
STCT0,Shenzhen Taida Centry Technology Co,
SYEL2,Synergy Electronics Pty Ltd,
SYST0,Woodward Controls Inc.,
TATT0,Tattile Srl,
TCMA5,Total Commercial Maintenance Pl,
TECO0,Tyco Electronics Singapore PTE LTD,
TELE0,Telebyte Inc,
TIIN0,Trigg Industries International,
TLEE2,Tle Electrical,
TMSY0,Tri-M Technologies Inc,
TOCO2,Tokyo Components,
TRLO8,Traffic Logistics Pty Ltd,
TTAU0,Triangle Technologies (Aust),
UNEL0,"Unixplore Electronics Co., Ltd",
VERA0,Veraut Ges.M.B.H,
WAGR8,Warp Group Pty Ltd,
WASC8,WASCA,
WATTI0,Wattics Ltd,
XIFF0,Xiamen Four-Faith Communication Tech  Co,
XOVI0,Xovis Ag,
ZMIN0,Zoltrix Material International Ltd,
