customerCode,customerName,customerNotes
1414D5,1414 Degrees Ltd,
1OCON8,Lendlease Real Estate Investments,
360TS2,360 Traffic Surveys Pty Ltd,
3METGY,3ME Technology,
AAEL2,Autowise Auto Electrics Pty Ltd,15% Discount
AAEL5,Active Auto Electrical And Air Conditioning,
AAGA4,AAG Automotive,
ABBI2A,ABB Australia Pty Limited,Vendor No: 1100078921
ABSP2,Specialist Wholesalers Pty ltd,Previously Absolute spare changed ownership 01/08/22
ABTP8,AB Traffic and Parking Pty Ltd,
ACAC4,Auto Cable And Accessories,
ACCE3,AC Systems Controls,
ACCLM-TS,ACCLM Holdings Pty Ltd,
ACCO8,Albury City Council,
ACFR2,Australian Centre for Field Robotics,
ACSY6A,Auto Control Systems,
ACTG8,ACT Government,
ACTO2,ACT Forklifts,
ACUN2,Australian Catholic University,
ACVI2,Acu-Vib,
ADCO2A,Armidale Regional Council,
ADEA5,F.C & J.A Helle-Broe T/S Adelaide Earmoulds,
ADEI6,AD Engineering International,
ADIN2,ADInstruments NZ Ltd,
ADMA2,Access Diagnostics & Maintenance,
ADME2,All Diesel Mechanical,25% Trrade Discount
ADPA4,ADEParts,
ADPP2,MPower Projects Pty Ltd,
ADSY4,All Diesel Systems,Discount 10%
ADTE0U,Adlink Techonology Inc,
ADVA3,adant,
ADVA6,Advanteering Civil Engineers,
AEDE4,Andrews Electronics Designs Pty Ltd,
AEFG2,Aegis Fire Guard,No Discount
AEIM4,Auto Electrical Imports Pty Ltd,35% Discount
AESE3,ARA Electrical Services,
AETC2,Engineered Products Group P/L,
AETE2,Aervision Technology Pty Ltd,
AEVE2,Australian Electric Vehicles,25% discount for 10+ 20% discount for lesser qty
AFEL2,A-Force Electrics (Australia) Pty Ltd,
AFGRI6,AFGRI Equipment Australia Pty Ltd,
AFJV2,Acciona Ferrovial Joint Venture,
AFPO2,Australian Federal Police,
AFPO6,Aussie Fluid Power,
AFTN2,Advance Fire Technology Pty Ltd,
AGDE2,Attorney General's Department,
AGHY4,Agnes Hydraulics Service,
AGRE8,Agriparts & Repairs,
AGSC5,A G Schillings & Co,
AHKP8,Arana Hills Plaza,
AHLA3,Australian Hearing Laboratory,
AIHYS3U,AI hycloud solutions,
AIME2,Enviroline,20% discount - 4-5 per month both 12 & 24 Volt
AIMS4,Australian Institute of Marine Science,
AIOB4,AIO BUILDING SERVICES PTY LTD,
AISE6A,Aisat Instruments Retail Unit,
AJSM2,AJS Machinery,
ALAC4,Cozy'S Rural And Mechanical,
ALCC8,Alb,
ALCN4,Allclass North,25% Discount frin 15/04/21
ALECT8,A-lect,10% DISCOUNT
ALEN0,Alert Engineering Ltd,
ALHA3,Alfons Haar Pty Ltd,
ALHE3,L&H Group,
ALIN3,Alterra Industries,
ALINT6,Alinta Dewap Pty Ltd,
ALLP4,ALL-PUMPS,
ALPE2,Alexander Perrie & Co Pty Ltd,30% Discount
ALPU6,Allied Pumps Pty Ltd,
ALTDIS,Altronic Distributors Pty Ltd,
ALTR4,ALTRAD,
ALTRAC,Altrac AG,
AMAU8,Amway Of Australia,
AMDIPL,Advanced Microsystems Design Integration Pty Ltd,
AMEQ2,Australian Mining Equipment Pty Ltd,No Discount
AMEX4,Australia Mining Export Pty Ltd,
AMTE2B,Industrea Mining Equipment,
ANDAU,Anduril Australia Pty Ltd,
ANDAU2,Anduril Australia Pty Ltd,
ANMA2,ANM Auto Electrics Pty ltd,
ANRE2,ARC Traffic + Transport,
ANTG8,Antec Group Pty Ltd,
ANUACT,Australian National University,
ANUN2,Siding Spring Obversatory Australian National University,
ANURSP,Australian National University,
ANWSC,Anywise Consulting Pty Ltd,
APCT5,APC Technology Pty Ltd,
APCT5U,APC Technology Pty Ltd,
APEC8,Apec Electrical And Communication Services,
APEL8,Apex Electrical Contracting Pty Ltd,
APPO3,Apsu Power Pty Ltd,
APPU3,All Purpose Pumps Pty Ltd,
APRE5,Apr Engergy Pty Ltd,
ARCC2,ARCC Pty Ltd,
ARCE2,Fortius Sydney Homemaker Trust,
ARCI6,arc-i Welding Industries,
ARKE3U,Arkeus Pty Ltd,
ARLA2,Acoustic Research Laboratories,
ARMPH,Armidale Private Hospital,
ARTC2,ARTC,
ARUP,ARUP,
ASAP4,A Supply Of All Parts,
ASCI3,Alpine Shire Council,
ASFT2,Asf Tours,
ASHI2,Astute Hire,
ASHI3,Ashi Hire,
ASIN4,Ashdown-Ingram,45% discount
ASIS2U,Asi Solutions,
ASIVCG,Asiv Construction Group Pty Ltd,
ASLC0,Aspect Solutions Ltd,
ASMA2B,Als Signs,
ASMA8A,Trust C/- Jones Lang Lasalle,
ASRE6,Asiarep Resources,
ASSE4,Australasian Safety Services,
ATAD4,All Torque Automotive And Diesel Pty Ltd,
ATBM2,ATB Morton,
ATGD2,Attorney General'S Department,
ATPA4,Access Tractor Parts,
ATSU2Q,Austraffic (QLD),
ATSU8N,Austraffic (NSW) Pty Ltd,
ATSU8S,Austraffic (SA) Pty Ltd,
ATSU8V,Austraffic (VIC) Pty Ltd,
AUCO2,Cumberland Council,
AUCO6,Austral Construction Pty Ltd,
AUEX6,Austex Australian Exploration Engineering,15% discount
AUFI4,Austral Fisheries,
AUFI6,Australian Fire Industries,
AUHE3,Austin Hospital,
AUMA4,Automap,
AUMO3,Automobility Pty Ltd,35% discount orders of 20 45% discounto orders of 40
AUPM2,Australia Pacific Maritime,
AUPRO,AUTOPRO,10% Discount
AURIZ4,Aurizon Operations Ltd,
AURSDG,Australian Resource Development Group Pty Limited,
AUSD4,Ausdraulics Holdings Pty Ltd,
AUSGEXP,AusGold Exploration Pty Ltd,
AUSR5,AusRain Irrigation SA,
AUSRS2,Aus Railway Services Pty Ltd,
AUSY4,Auxilium Systems Pty Ltd,
AVDI4,Advanced Diesel Injection,15% Discount
AVIN6U,Audio Visual Image'Nation Pty Ltd,
AVREPF,Aventus Retail Property Fund,
AVTA2U,AVT Australia,
AWDI5,AW Diesel,
AWSI2,Awe-Sim Electrical Wholesale,
AXHEU,Axis Health,
BAEL4,Burns Auto Electrical Pty Ltd C/- Gibbs Traders,
BAES2,BAE Systems Australia Ltd,
BAES2U,BAE Systems Australia Ltd,
BAGR2,Barrington Group Australia,
BAIS3,Ballarat Industrial Supplies,15% Discount
BALOS3,Bapcor Logistics Services Pty Ltd,
BANA4,Banana Shire,
BASC4,Balone Shire Council,
BAXT3,Baxters MTQ  Pty Ltd,30% Discount
BBEM7,Briarbanks Engineering & Mechancial,
BBRC8A,Home-Co Peninsula Home,
BBRC8B,HomeCo. Sunshine,
BBRC8C,Home-Co. Midland,
BBRC8D,Home-Co Jindalee Home,
BBRC8E,Aventus Tweed Unit Trust,
BBRC8F,Home-Co Kotara,
BBRC8G,Home-Co Caringbah,
BBRC8H,Aventus Sunshine Coast,
BBRC8I,HomeCo. Cranbourne,
BBRC8J,Home-Co Mile End,
BBRC8K,Home-Co Epping Hub,
BBRC8L,Home-Co Ballarat,
BBRC8M,Home-Co Tuggerah,
BBRC8N,McGraths Hill,
BBRC8O,Home-Co Warners Bay,
BBRC8Q,Home-Co Bankstown Home,
BBRC8R,Aventus Logan Unit Trust,
BBRC8S,Aventus Macgregor Unit Trust,
BBRC8T,Home-Co Belrose,
BBRC8U,Home-Co Highlands,
BBRC8W,Home-Co Marsden Park Home,
BBRC8X,Calardu Maroochydore Homemaker Centre,
BBSC8,Baw Baw Shire Council,
BCCO8,Bathurst Regional Council,
BCCO8A,BLACKTOWN CITY COUNCIL,
BCIC8,Belmont Citi Ctr.Partnership,
BDMA6,Blue Diamond Machinery,15% discount
BECA2,B E Campbell (NSW) Pty Ltd,
BECE6,BEC Engineering Pty Ltd,
BEEN3,Bell Environmental,
BEFR8,Best Friends Stores Pty Ltd,
BEMA3,Bendigo Marketplace,
BERT4,Bertrand Export QLD Pty Ltd,
BEVI8,GREEN 88 NO2 PTY LTD,
BFPE4,BFP Engineering,
BHCC2,Broken Hill City Council,
BHPMAC,BHP - Mt. Arthur Coal,
BHPPH6,BHP Iron Ore Nelson Point,
BHPS2,Bluescope Steel Limited,Vendor No: 103364
BICO6,Bunbury Industrial Controls,
BINE0,Belton IT Nexus Ltd,
BKBBS3,Bkb Building Solutions Pty Ltd,
BLAY2,Blayney Shire Council,
BLEW2,Blewi Mobile Plant Repairs,10% Discount
BLSC2,Bland Shire Council,
BLWO4,Blackwoods,
BMDC2,BMD Constructions,
BMDE0U,Blackmagic Design Manufacturing Pte Ltd,
BMDE3U,Blackmagic Design Pty Ltd,
BMDS4,Bdms Engineering,
BMTG4,Bmt Global,
BOAS6,Boral Asphalt,
BOCO6,Boodarie Contracting,
BODC7,Break O Day Council,
BOEN2,Boss Engineering,30% discount
BOEQ6,Boya Equipment Pty Ltd,
BOFA2,Boredale Farming,
BOMA2,Porta Products Pty Ltd,
BOMG3,Bureau of Meteorology,
BORA4,Bowen Rail Company Pty Ltd,
BPBB8,Lif Pty Ltd Atf Loc Gov Property Fund,
BPSC2,BRIDGEPOINT SHOPPING CENTRE,
BRAU7,Broadcast Australia Pty Ltd,
BRAV8,Adani Mining Pty Ltd T/A Bravus Mining & Resources,
BRCO8,Barcaldine Regional Council,
BRDRE2,Bradken Resources Pty Ltd,
BRES3,BRE Services Co Pty Ltd,
BRHAD8,Brad Hards,
BRHI2,Brycker Hire,
BSAE4,Bright Spark Autos Pty ltd,
BSCO2I,Bourke Shire Council,
BSCO2K,Byron Shire Council,
BSCO8,Ballina Shire Council,
BSCO8F,Berrigan Shire Council,
BSCO8G,Bogan Shire Council,
BSFA3,Bay Sea Farms Pty Ltd,
BSHE3,Blamey Saunders Hearing,
BSJA2,BSJ Auto Electrics,
BSOR2,Bilpin Springs Orchard,
BTCR4,BTC Repairs,
BUAE2,Buckland Auto Electrical P/L,20% Discount
BUCC7,Burnie City Council,
BUCO4,Burdekin Council,
BUDFO,Buderim Foods Pty Ltd,
BUGR6,Bunbara Group,
BUMU2,Bucher Municipal,15%
BURC8,Bundaberg Regional Council,
BUSC8,Burke Shire Council,
BUSGR2,Busways Group Pty Ltd,
BUSU4,Bundaberg Sugar,
BVGFS,BVG Family Superfund,
BVSC2,Bega Valley Shire Council,
BWRTE2,BWR Technologies Pty Ltd,
CAAL8,Calardu Albury Pty Ltd,
CABA8,The trustee for Calardu Ballina No. 1 Trust,CBRE VENDOR NO: 213541
CABE0,Sato Australia,
CABE8,Calardu Bendigo P/L ATF Calardu Bendigo Trust,
CABP4,Calardu Browns Plains,
CABR3,Cabrini,
CACE2,Canberra Centre Investments Pl,
CACO4-005,Cash Converters Sunnybank,
CACO8,Cabbone Shire Council,
CACOH,Cash Converters (Stores) Pty Ltd,
CACOH-0810-001,Cash Converters Coconut Grove,
CACOH-0830-001,Cash Converters Palmerston,
CACOH-2022-001,Cash Converters Bondi Junction,
CACOH-2131-001,Cash Converterts Ashfield,
CACOH-2148-001,Cash Converters Blacktown,
CACOH-2150-001,Cash Converters Parramatta,
CACOH-2160-001,Cash Converters Merrylands,
CACOH-2200-001,Cash Converters Bankstown,
CACOH-2216-001,Cash Converters Rockdale,
CACOH-2650-001,Cash Converters Wagga Wagga,
CACOH-3000-001,Cash Converters Melbourne City,
CACOH-3046-001,Cash Converters Glenroy,
CACOH-3064-001,Cash Converters Craigieburn,
CACOH-3066-001,Cash Converters Collingwood,
CACOH-3084-001,Cash Converters Heidelberg,
CACOH-3088-001,Cash Converters Greensborough,
CACOH-3136-001,Cash Converters Croydon,
CACOH-3151-001,Cash Converters Burwood East,
CACOH-3175-001,Cash Converters Dandenong,
CACOH-3214-001,Cash Converters Corio,
CACOH-3220-001,Cash Converters Geelong,
CACOH-3805-001,Cash Converters Fountain Gate,
CACOH-4034-001,Cash Converters Aspley,
CACOH-4053-001,Cash Converters Stafford,
CACOH-4054-001,Cash Converters Keperra,
CACOH-4105-001,Cash Converters Moorooka,
CACOH-4122-001,Cash Converters Mt Gravatt,
CACOH-4170-001,Cash Converters Cannon Hill,
CACOH-4178-001,Cash Converters Wynnum,
CACOH-4216-001,Cash Converters Runaway Bay,
CACOH-4218-001,Cash Converters Broadbeach,
CACOH-4221-001,Cash Converters Palm Beach,
CACOH-4225-001,Cash Converters Coolangatta,
CACOH-4226-001,Cash Converters Robina,
CACOH-4300-001,Cash Converters Goodna,
CACOH-4506-001,Cash Converters Morayfield,
CACOH-4551-001,Cash Converters Caloundra,
CACOH-4560-001,Cash Converters Nambour,
CACOH-4670-001,Cash Converters Bundaberg,
CACOH-4701-001,Cash Converters Rockhampton,
CACOH-5000-001,Cash Converters Gouger Street,
CACOH-5045-001,Cash Converters Glenelg,
CACOH-5082-001,Cash Converters Prospect,
CACOH-5098-001,Cash Converters Ingle Farm,
CACOH-5108-001,Cash Converters Salisbury,
CACOH-5112-001,Cash Converters Elizabeth,
CACOH-5115-001,Cash Converters Munno Para,
CACOH-5118-001,Cash Converters Gawler,
CACOH-5162-001,Cash Converters Morphett Vale,
CACOH-5168-001,Cash Converters Christies Beach,
CAEL2B,Coastwide Auto Electrics,10% Trade
CAFX8,Camera FX Electronic Security,
CAGC8,Calardu Gepps Crossing & Others,
CAGC8A,Gepps Cross,
CAHC8,Calardu Hoppers Crossing P/L,
CAMD7,Combined Agricultural Machninery,
CAMP3,Campaspe Irrigation,
CANAIR,Majura park Retail,
CAPEN8,Penrith Homemaker Centre,
CAPS0,CAPS Australia,
CAPS6,Callidus Process Solutions Pty Ltd,
CARC4A,Cairns Regional Council,
CARC8,Cairns Regional Council,
CARLCC,Carrington Care,
CARO2,EK Nominees Pty Ltd,
CARU8,Rutherford Homemaker Centre,
CASE6,Calwest Services,
CASP8,Springvale Homemaker Centre,
CATA5,Catamac,
CATH8,Calardu Tweed Heads Pty Ltd,
CATL8,Calardu Taylors Lakes,
CAWO8,Calardu Wodonga Pty Ltd,
CBB02,Cleary Bros (Bombo) Pty Ltd,
CBBO2,Cleary Bros (Bombo) Pty Ltd,
CBCM4,Cbc Mining Townsville,
CBRK,Colston Budd Rogers & Kafes Pty Ltd,
CBSL0,Cullen Bay Slipway,
CBTCC2,Campbelltown City Council - NSW,
CCBC,City of Canada Bay Council,
CCCO7,Central Coast Council,
CCCO8A,Cessnock City Council,
CCRC8,Cassowary Coast Regional Council,
CDDI3,Cooldrive Distribution,VENDOR NO:63424 35% Discount
CDMA0,Country Diesel Maintenance P/L,
CDNZ0,Cubic Defense New Zealand Ltd,
CDNZ0U,Cubic Defense New Zealand Ltd,
CDSE6,Core Drilling Services Pty Ltd,
CEAT2,Cea Technologies Pty.Ltd.,
CECI8,Celtic Civil Pty Ltd,
CECO5,Centralian Controls,
CECW8,The Trustee For Iprosperity Century City Walk Fund,
CEDI5,CD Power Pty Ltd,25% Discount
CEFA2,Complete Essentials Fire & Air,
CEIN8,Central Infrastructure Sydney,
CEOS3,Ceos Pty Ltd,
CEPA8,Centenial Parklands & The Australian Botanic Garden,
CFETS2,CFE Traffic Surveys,
CFFM-3124,Camberwell Fresh Food Market,
CFJLA2,FJ Lambert & Co Pty Ltd,
CFMA2,CF Manufacturing,
CFPR8,Rockdale Plaza Cmo,
CGGAA6,CGG Aviation (Australia) P/L,
CGSC8,Perron Investments Pty Ltd,
CHAL8D,Atf Challenger North Rocks Tr,
CHAM2,Challenor Marine,
CHCO2,City of Coffs Harbour,
CHDS2,Coffs Harbour Diesel Service,No Discount
CHEN4,Coastal Hydraulics & Engineering Pty Ltd,
CHEW2,Castle Hill Elect W/Salers,
CHIP0,Chiptech Limited,
CHKP0,Chk Power Quality Pty Ltd,
CHKP2,Chk Power Quality Pty Ltd,
CHLI2,Challenger Life Nominees P/L Atf Challenger Lennox Trust,
CHRC8,Central Highlands Regional Council - Duaringa,
CHRE8,Chevron Renaissance Asia Pacific Shopping Centre P/L,
CHSE4,Chubb Service,
CHUBB,Chubb Fire & Security Asia,
CHWA8B,Esperance Boulevarde,
CIGE4,City Generators,15% discount
CIKB8,City of Kalgoorlie-Boulder,
CIMA8A,City of Marion,
CIME2,Cougar Ime Pty Ltd,
CIOR8,City Of Rockingham,
CIPL8,Ausco Benedict Pty Ltd As Trustee Of Benedict Holding Trust 2 (ABN 37628642110),
CIPM8,Kings Cross Centre,Parent company of  SC2011-001
CJPE2,C J Perry,
CLASS2,Classtek Pty Ltd The Metro Centre,
CLCO8,Central Land Council,
CLON4,Cloncurry Shire Council,
CLSC8,SPB Australia Pty Ltd and QIC CM Pty Ltd,
CMPS6,CMPS Supply Solutions,
CMSC2,Snowy Monaro Regional Council,
CNHC8,Calardu Noarlunga P/L Upjay Sa Rents Trust,
CNSW8D,Gordon Centre,
CNSW8N,Primewest Diversified Income,
CNWG4,CNW Pty Ltd,
COAV8,Cobham Aviation Services,
COBPRO,Cobian projects Pty Ltd,
COCH2U,Cochlear Limited,
COCH4U,Cochlear Limited,
COCO08,Castle Contracting Pty Ltd,
COELS,Combined Electrical Services,
COEN0,Contact Energy,
COGB8,City of Greater Bendigo,
COGI2,Corey Gibson,
COLT2,Colterlec Pty Ltd,
COMA6,Comap Pty Ltd,
COME4,Computer Merchants Pty Ltd,
COMG8,City of Mount Gambier,
COMTDA,Comtec Data Pty Ltd,
CONA2,Consoft Automation Pty Ltd,
CONEA2,Controlled Earthworks Pty Ltd,
CONR2,Contract Resources,
COPL8,Nationwide Traffic Surveys Pty Ltd,
COSC2,Cobar Shire & TAFE Library,
COSC6,Geoscan Pty Ltd,
COSO6,Connect Source,
COSW6,City of Swan,
COSYN2U,Control Synergy Pty Ltd,
COTE2,Cognian Technologies,
COTE2U,Cognian Technologies,
COVS8,Retpro Management Pl Corio Villange Shopping Centre,
COWO2,Concrete World Industries,
COWO8,City of Wodonga,
CPAE2,Complete Parts & Equipment,
CPAE8,City of Port Adelaide - Enfield,
CPBSAM,John Holland CPB Contractors,
CPGR6,Ches Power Group Pty Ltd,
CQLD8C,Sunnyside Mall (Do not use),
CQPI4,CQ Pump And Irrigation,10% Trade
CRAM2,Cram Fluid Power Pty Ltd,
CRBE5,Crowell Benson & Co Pty Ltd,
CRES2,Capabilities Resources,
CRGT8,CRG Traffic & Acoustics Pty Ltd,
CRSL8,Caloundra Sub-Branch RSL Club,
CRSV8,CREDIBLE SECURITY AND VISION,
CRWH4,Cruise Whitsundays,
CSCO2D,Cowra Shire Council,
CSCO8,CARDWELL SHIRE COUNCIL,
CSCO8A,Carrathool Shire Council,
CSCO8B,Cook Shire Council,
CSHCO8,THE TRUSTEE FOR THE NEW SOUTH WALES (NSW) CASH CONVERTERS UNIT TRUST,
CSHCO8-2500-001,Cash Converters Wollongong,
CSIT4,Cairns SIM Trans Pty Ltd,
CSSO3,Central Systems Solutions,
CTCO2,Country Traders & Construction,
CTSC8,QIC Ltd Aft QIC Castle Towers,
CUCO3,Current Consulting P/L,
CUCP4,CUC Pty Ltd,
CUFL4,Custom Fluid Power,
CUSP0,Cummins South Pacific Pty Ltd,45% trade discount
CUTECU,Cubic Technologies Singapore Pte Ltd,
CUUN8,Curtin University,
CWAW8,Wagga  Wagga City Council,
CWBL4,Custom Water Blasters,
CWDI2,Central West Diesel,
CWPL8,Central West Shopping Centre,
CWSE2,Central Wide Services,
CYBE0,Cyber Media Sarl,
CYBE0A,Cyber Media Sarl,
DAGR2,Davcor Group,
DAIS4,Diesel and Industrial Engine Spares,10% discount
DANB2,Danbray Pty Ltd,
DASY4,Data Audit Systems,This acccount has changed to COD from now on.
DCCO2,Western Plains Regional,
DCLM0,Data Collection Ltd,
DCRO8,District Council of Robes,
DDIL2,Ddi Labs Pty Ltd,
DEBE4,Debetrek,
DEBE4U,Debetrek,Sunset Lifestyle
DECO6,Diesel Engine Company,
DEDE5,Department Of Defence,
DEEA4,DesignEars Pty Ltd,
DEEL0,Delta Electrics,
DEEW5,Department for Environment and Water,
DEEW5A,Department for Environment and Water,
DEMA7,Deman Pty Ltd,
DEMO3,Deutz Australia Pty.Ltd.,40% Discount
DENI2,Deni Sand and Soil/Civil Construction,
DEPWS8,"Dept.Environment, Parks & Water Security",
DESE2,diesel engine & spares,
DESP4,Diesel Engine Service,Onseller discount 15%
DESQ4,Department of Environment & Science,
DETE3,Decon Technologies,
DETG2,Defcon Technologies Group P/L,
DETP2,Design To Production,
DEW8C,Department Environment and Water,
DEWA8A,Dept. of Environment & Water,
DEWA8B,Department for Environment & Water,
DEWNR8,Dept. for Environment & Water,
DEWSA5,Blackhill Conservation Park,
DFOC8A,DEKA AUST MGT ONE PTY LTD,
DFSY4,Dayshelf Fire Systems,
DGMS2,Diesel Gas & Marine Systems Pl,
DIAG0,Diesel Agencies (Wa Empson Limited T/As),
DIAI0,Darwin International Airport,
DIAI2,Digital Air Control Pty Ltd,
DICA2,Monitor Industries Pty Ltd,
DICT4,Diesel Care Toowoomba,10% Trade discount
DIDR2,Diesel Drive Pty Ltd,Discount 35%
DIFA0,Dingdings Farms Sdn. Bhd,
DIIN0,Diesel Injection,
DIPA6,Digsilent Pacific,
DISTEC,Discovery Technology Pty Ltd,
DIVO3,Bluefish Technologies P/L,
DIVO3U,Bluefish Technologies P/L,
DNOW4,Maclean International Group(Australia) Pty Ltd,
DOWNER,Downer EDI Rail,
DPDI2,Diesel Parts Direct,No discount
DPSE4,Diesel Parts & Service P/L,35% discount
DRBO2,Dril-Bourn,
DREN3,Dressage Engineering,
DRTE4,Drill Techniques Service Pty Ltd,
DSCO2A,Dungog Shire Council,
DSDS3,D And S Diesel Services,
DSSC8,Canberra Outlet Centre,
DUCI4,Durack Civil Pty Ltd,
DUPH2,Dubbo Powerhouse Pty Ltd,
DURC8,Dubbo Regional Council,
EAAU4,use S00398,
EACI2,Earth Civil,
EACT2,Environment Planning & Sustainable Development,
EAEX4,Eagle Exports Australia P/L,15% Onseller discount
ECGE3,East Coast Generators,
ECK2010,Eckersleys Darlinghurst,
ECK2150,Eckersleys Parramatta,
ECK2154,Eckersley's Castle Hill,
ECK2560,Eckersley's Macarthur Square,
ECK2606,Eckersleys Phillip,
ECK2650,Eckersley's Wagga,
ECK3181,Eckersleys Prahran,
ECK4000,Eckersleys Brisbane CBD,
ECK4030,Eckersley Lutwyche,
ECK4114,Eckersleys Underwood,
ECK4575,Eckersleys Minyama,
ECKE2022,Eckersley's Bondi Junction,
ECKE2617,Eckersley’s Art and Craft / Belconnen,
ECKE8,ECKERSLEY'S PTY LTD,
ECKE8-3122-001,Eckersleys Hawthorn,
EDDE2,Enganalysis Pty Ltd,
EDWA6,Electrical Distributors Of Wa,
EEGR2,Elite Electrical Group,
EEMA5,Entech Electronics Pty Ltd,
EGSC8,East Gippsland Shire Council,
EIPD2,Eip Diesel Pty Ltd,30% Discount
ELCON,Elcon Inc.,
ELDI6,Electrical Distributors Of W A,
ELESOL,Electrocom Solutions Pty Ltd,
ELTEK8,Electek,
ELVS5,ELV Services,
EMES4,Emesent.IO,
EMTI3,Emtivac,
ENER4,Eneraque Pty Ltd,
ENFLX4,Enerflex Service,No Discount
ENFLX4U,Enerflex Service,No Discount
ENIN0,Energy Industrial,
ENIQ4,Eniquest Independent Power Innovations,35% Disc. AXS173186 all other solenoids are list
ENRA6,Ensco Rail Automation,
ENSE0,Entec Services Ltd,
ENSS2,Engine Supplies And Services Pty Ltd,
EPEQ6,Engine Protection Equipment,35% Discount
EPGE2,EPG Engines,
EPGS8,EPG Solutions,
EQSO2,Equipment Solutions Pty Ltd,
ERCE4,ERSCON Consulting Engineers,
ERGEL,ERG Electrics,
ERHR4,Electro Rig Hoist Rentals,
ESCE2,Eastgate Shopping Centre,
ESCE2A,Crown Eastlakes Joint Venture,
ESCO8,Eurobodalla Shire Council,
ESCO8A,Eurobodalla Regional Botanic Gardens,
ESIS2,Esis Pty Ltd,
ESMA8,eSMART Pty Ltd,
ESSE3,ESS Earth Sciences Pty Ltd (Atf Es&S Unit Trust),10 % Trade discount
ETSE4,Eastern Tree Services,
EVER2A,Evertone Pty Ltd,
EXCE2,Excell Control,
EXEL3,Harris C4I Pty Ltd,
EXPA4,Expac (Qld) Pty Ltd,
EXTE3U,Extel Technologies Pty Ltd,
FAH08-2033-001,Fantastic Furniture Moore Park,
FAHO8,Fantastic Furniture,
FAHO8-0820-001,Fantastic Furniture Darwin,
FAHO8-2015-001,Fantastic Furniture Alexandria,
FAHO8-2170,Fantastic Furniture Warwick Farm,
FAHO8-2190-001,Fantastic Furniture Chullora,
FAHO8-2444-001,Fantastic Furniture Port Macquarie,
FAHO8-2800,Fantastic Furniture Orange,
FAHO8-2830,Fantastic Furniture Dubbo,
FAHO8-3032,Fantastic Furniture Maribyrnong,
FAHO8-3116,Fantastic Furniture Chirnside Park,
FAHO8-3131,Fantastic Furniture Nunawading,
FAHO8-3189,Fantastic Furniture Moorabbin,
FAHO8-3810,Fantastic Furniture Pakenham,
FAHO8-3844-001,Fantastic Furniture Traralgon,
FAHO8-3977-001,Fantastic Furniture Cranbourne,
FAHO8-4127,Fantastic Furniture Logan,
FAHO8-4157,Fantastic Furniture Capalaba,
FAHO8-4509,Fantastic Furniture North Lakes,
FAHO8-5031,Fantastic Furniture Mile End South,
FAHO8-5168-001,Fantastic Furniture Noarlunga,
FAHO8-FF276,Fantastic Furniture Rutherford NSW,
FAHO8-FFR202,Fantastic Furniture Albury,
FAHO8-FFR205,Fantastic Furniture Balgowlah NSW,
FAHO8-FFR210,Fantastic Furniture Bennett's Green NSW,
FAHO8-FFR212,Fantastic Furniture Casula/Crossroads,
FAHO8-FFR213,Fantastic Furniture Caringbah NSW,
FAHO8-FFR214,Fantastic Furniture Burwood NSW,
FAHO8-FFR218,Fantastic Furniture Castle Hill NSW,
FAHO8-FFR220,Fantastic Furniture Coffs Harbour,
FAHO8-FFR240,Fantastic Furniture Fyshwick ACT,
FAHO8-FFR245,Fantastic Furniture Griffith NSW,
FAHO8-FFR264,Fantastic Furniture Newcastle West,
FAHO8-FFR265,Fantastic Furniture Nowra NSW,
FAHO8-FFR270,Fantastic Furniture Penrith NSW,
FAHO8-FFR280,Fantastic Furniture Tamworth NSW,
FAHO8-FFR282,Fantastic Furniture Taree NSW,
FAHO8-FFR285,Fantastic Furniture Tuggerah,
FAHO8-FFR297,Fantastic Furniture Warrawong NSW,
FAHO8-FFR298,Fantastic Furniture Wagga NSW,
FAHO8-FFR305,Fantastic Furniture Ballarat VIC,
FAHO8-FFR310,Fantastic Furniture Bendigo VIC,
FAHO8-FFR320,Fantastic Furniture Caroline Springs VIC,
FAHO8-FFR330,Fantastic Furniture Dandenong VIC,
FAHO8-FFR345,Fantastic Furniture Geelong VIC,
FAHO8-FFR362,Fantastic Furniture Mornington VIC,
FAHO8-FFR378,Fantastic Furniture Shepparton VIC,
FAHO8-FFR410,Fantastic Furniture Burleigh Heads,
FAHO8-FFR435,Fantastic Furniture Helensvale QLD,
FAHO8-FFR440,Fantastic Furniture Hervey Bay QLD,
FAHO8-FFR445,Fantastic Furnuture Ipswich QLD,
FAHO8-FFR470,Fantastic Furniture Rockhampton QLD,
FAHO8-FFR485,Fantastic Furniture Townsville QLD,
FAHO8-FFR495,Fantastic Furniture Windsor,
FAHO8-FFR550,Fantastic Furniture Marion SA,
FAHO8-FFR560,Fantastic Furniture Munno Para,
FAHO8-FFR615,Fantastic Furniture Cannington WA,
FAHO8-FFR620,Fantastic Furniture Cockburn WA,
FAHO8-FFR650,Fantastic Furniture Joondalup WA,
FAHO8-FFR660,Fantastic Furniture Mandurah WA,
FAHO8-FFR680,Fantastic Furniture Rockingham WA,
FAHO8-PL2144,Plush Auburn Megamall,
FAHO8-PL2154,Plush Castle Hill,
FAHO8-PL2229,Plush Caringbah,
FAHO8-PL2250,Plush West Gosford,
FAHO8-PL2609,Plush Fyshwick,
FAHO8-PL3214,Plush Geelong,
FAIVT,Faiverley Transport Aust Ltd,
FASE4,Fastair Serviices Pty ltd,
FCRC8,Fraser Coast Regional Council,
FCSL3,Alpine Resorts Victoria T/as Falls Creek Alpine Resort,
FDAG6,Flexible Drive Pty Ltd,35% Discount
FFSC8,Harrington Custodian Ltd Atf Fairfield Forum Unit Trust,
FHCH8,Glass Sub TC P/L As Trustee Glass Forest Hill Trust,
FIGG8,MAAM TT (Figtree) Pty Ltd ATF Figtree Holding Trust,
FLAU2,Floodlighting Australia,
FLME2,Fleet Maintenance Engineering,
FLTEK2,Fleettek Engineering Solutions Pty Ltd,
FLVS4,QIC Ltd ATF QIC Australia Core Plus Fund ABN 76849606305,
FOAS8,Forbes Arts Society,
FOFU6,Fortescue Future Industries Pty Ltd,
FOLD8,Friends of Little Dip,
FPSL8,Fidante Partners Services Ltd As Trustee For Surfers Paradise Trust,
FREFU8,Freedom Furniture Australia Pty Ltd,
FREFU8-2033,Freedom -  Moore Park,
FREFU8-2229,Freedom - Caringbah,
FSAU8,The Entertainment Quarter,
FSCO2,Forbes Shire Council,
FTK,Frontek Technology Corporation,
FUAU2,Fujitsu Australia Limited,Vendor id: 119500
FUGR6,Fugro Australia Pty Ltd,
FUGR6U,Fugro Australia Pty Ltd,
GAEL0,Gal Electronics,
GAGE4,Gap Geophysics Australia P/L,
GBAE2,GB Auto Group Pty Limited,
GBSER2,G&B Services (NSW) Pty Ltd,
GBSRMS,GBS Rail & Mining Services,
GCCO8,Goulburn Mulwaree Council,
GCCO8A,Griffith City Council,
GEGR8,Georgiou Group Pty Ltd,
GEME4,G-Spot Engineering Mechanical,
GENE4,Genelite Pty Ltd,15% discount
GENP2,Generator Power,
GEOC2,Geocounts NSW,
GEOI4,Nautics Group,
GEOR6,Georesults Pty Ltd,
GEPO2,Generator Power (Aust) Pty Ltd,
GHDPL,GHD Pty Ltd,
GISLE0,Gaudenz & Ursula Gisler,
GLCC8,Glenorchy City Council,
GLEN7,Glasgow Engineering,30% Discount
GLFI2,Global Fire,
GLOT3,Global One Technologies,
GLPA5,Glendon Park Pty Ltd,
GLRC8,GLADSTONE REGIONAL COUNCIL,
GLRN8,SCA Property Group  Glenorchy,
GLTP7,Truckzone Parts & Accessories,
GMMA4,Grumpy'S Marine Maintenance,
GMSO6,Groundbreaking Mining Solutions,
GOFE6,Generators And Off-Grid Energy Blue Haze Industrial Area,
GOLIND,Goldline Industries Pty Ltd,
GOLW2440,Goolawah Property,
GOPO8,Goongarline Properties Pty Ltd,
GORC8,Goondiwindi Regional Council,
GOSE2,Goldstar Services,
GOSE4,Governor Services Aust P/L (Atf E C S Unit Trust),
GPCAP3,GPC Asia Pacific Pty Ltd,45% Discount
GPCAP4,Gpc Asia Pacific Pty Ltd,45% Discount
GPEN0,Globe-Pac Engineering Sdn Bhd,
GPHI3,G. P. Hire,
GPRS6,GR Production Services Pty Ltd,
GRAH2,Grafton Hydraulics Pty Ltd,15% Discount
GRAL8,Alderson and Associates,
GRAU3,Grifols Australia Pty Ltd,
GREL6,Grant Elevators,
GREN4,Great Energy,
GROA3,SONIKAIR,
GRPR4,Ground Probe Pty Ltd,DO NOT USE THIS ACCOUNT
GRPR4U,GroundProbe Pty Ltd,
GSCA4,Gransolar Construction Australia Pty Ltd,
GSCC8,Greater Shepparton City Cncl,
GSCE2A,Glenrose Shopping Centre,
GSCO2A1,Gunnedah Shire Council,
GSEM4,G Spot Engineering & Mech,
GTCC8,Mid Coast Council,
GTCO8,Game Traffic & Contracting,
GTSV2,Gayner Technical Service Pl,
GTTP4,Gibbs Truck & Trailer Parts,
GVKI3,G.V.Kinsman,
GWEP4A,Gw Industrial,30% Discount
GWRE6,Goldfield Welder Repairs,
GWSE4,Generator & Welder Services,
GYCO8,Gympie Regional Council,One PO can have one Invoice only
HACER3,Hacer Australia Pty Ltd,
HACO8,Port Macquarie-Hastings CouncIL,
HALL4,Hall Plant Hire,
HAMC8,Hammondcare,
HANS0,Hansa Chippers,
HAPA4,Hawker Pacific,
HAPL8,Ccw Childrens Fund Pty Ltd Newpark Shopping Centre,
HAPU3,Hass Pumps,
HASC2,Harveys Service Centre,
HASS2,Horizon Access Spares & Serv,
HAWIAN,Hawaiian Pty Ltd,
HCCO2,Hawkesbury City Council,
HCCO8,Georges River Council,
HCCO8A,Hume City Council,
HCSP2,Heavy Component Specialists,
HDSA8,HDS Australia Pty Ltd,
HECCON,HECARD Consult Pty Ltd,
HECIIL,Healthy Cities Illawarra,
HEM1875,Hemanote Consultants Pty Ltd,
HEMO4,Henderson Motors,
HEMS0,Hems Power,
HFSA2,Hunter Fire & Safety,
HIAU2,Hills Auto Group,
HILL8,Hilltops Council,
HILSYD,Hilton Sydney,
HIPI2,Highland Pines,
HMCI6,Hampton Mining & Civil,
HMSE4,HMS Equip,
HMWS0,H M W S Inc,
HOEC4,Hodgson Electrical Contracting,
HOHE8,Homeworld Helensvale,
HOLCIM,Holcim (Australia) Pty Ltd,
HOQU2,Hodgson Quarries,
HOWSFE,see HOWSFEA,
HOWSFEA,HOWSAFE,
HRPA6,Harvest Road Pastoral,
HSCO2C,Hornsby Shire Council,
HSCO2D,Greater Hume Shire Council,
HSCO8,Hinchinbrook Shire Council,
HSCO8A,Hindmarsh Shire Council,
HSOL2,H.Solutions,
HTMT2,Hilltop Meats,
HUAS2,Hunter Automotive Solutions,
HUTE81-2228-001,Vodafone Miranda,
HUTE8A,TPG Telecom Limited (formerly Vodafone Hutchinson Australia),
HUTE8A-0810-001,Vodafone Casurina,
HUTE8A-0830-001,Vodafone Gateway,
HUTE8A-2000-001,Vodafone Sydney,
HUTE8A-2000-002,Vodafone Haymarket,
HUTE8A-2000-003,Vodafone QVB,
HUTE8A-2017-001,Vodafone Zetland,
HUTE8A-2026-001,Vodafone Bondi (Smart Phones Bondi IDC301),
HUTE8A-2032-001,Vodafone Kingsford,
HUTE8A-2035-001,Vodafone Maroubra,
HUTE8A-2035-002,Vodafone Eastgardens,
HUTE8A-2046-001,Vodafone Pitt St Mall,
HUTE8A-2060-001,Vodafone North Sydney,
HUTE8A-2067-001,Vodafone Chatswood,
HUTE8A-2088-001,Vodafone Mosman (Smartime Communications),
HUTE8A-2095-001,Vodafone Manly,
HUTE8A-2122-001,Vodafone Eastwood - Smart Phones,
HUTE8A-2134-001,Vodafone Burwood Plaza,
HUTE8A-2135-001,Vodafone Strathfield,
HUTE8A-2141-001,Vodafone Lidcombe,
HUTE8A-2148-001,Vodafone Blacktown,
HUTE8A-2150-001,Vodafone Parramatta,
HUTE8A-2153-001,Vodafone Winston Hills,
HUTE8A-2154,Vodafone Castle Hill,
HUTE8A-2160-001,Vodafone Merrylands,
HUTE8A-2166-001,Vodafone Cabramatta Railway Pde,
HUTE8A-2168-001,Vodafone Green Valley,
HUTE8A-2170-001,Vodafone Casula,
HUTE8A-2170-002,Vodafone Liverpool (Smart Phones Liverpool IDC313),
HUTE8A-2200-001,Vodafone Bankstown,
HUTE8A-2212-001,Vodafone Reevsby (Smart Phones Reevsby IDC013),
HUTE8A-2216-001,Vodafone Rockdale,
HUTE8A-2250-001,Vodafone Erina,
HUTE8A-2289-001,Vodafone Kotara,
HUTE8A-2290-001,Vodafone Charlestown,
HUTE8A-2323-001,Vodafone Green Hills,
HUTE8A-2560-001,Vodafone Macarthur,
HUTE8A-2617-001,Vodafone Belconnen,
HUTE8A-2620-001,Vodafone Queanbeyan,
HUTE8A-2625-001,Vodafone Brookvale,
HUTE8A-2750,Vodafone Penrith,
HUTE8A-2770-001,Vodafone Mt Druitt,
HUTE8A-2900-001,Vodafone Tuggeranong,
HUTE8A-2982-001,Vodafone Gungahlin,
HUTE8A-3000-001,Vodafone Melbourne Central,
HUTE8A-3000-002,Vodafone Bourke Street,
HUTE8A-3008,Vodafone Docklands,
HUTE8A-3011-001,Vodafone Footscray,
HUTE8A-3020-001,Vodafone Sunshine Marketplace,
HUTE8A-3029-001,Vodafone Tarneit Central,
HUTE8A-3029-002,Vodafone Wyndham Village,
HUTE8A-3038-001,Vodafone Keilor Downs,
HUTE8A-3045-001,Vodafone Melbourne Airport,
HUTE8A-3070-001,Vodafone Northcote Plaza,
HUTE8A-3072-001,Vodafone Preston,
HUTE8A-3076-001,Vodafone Epping,
HUTE8A-3082-001,Vodafone Plenty Valley,
HUTE8A-3088-001,Vodafone Greensborough,
HUTE8A-3108-001,Vodafone Doncaster,
HUTE8A-3128-001,Vodafone Box Hill,
HUTE8A-3143-001,Vodafone Ringwood,
HUTE8A-3148-001,Vodafone Chadstone,
HUTE8A-3178-001,Vodafone Rowville,
HUTE8A-3181-001,Vodafone South Yarra,
HUTE8A-3199-001,Vodafone Frankston,
HUTE8A-3214-001,Vodafone Corio,
HUTE8A-3337-001,Vodafone Melton,
HUTE8A-3355-001,Vodafone Wendouree,
HUTE8A-3805-001,Vodafone Narre Warren,
HUTE8A-4000-001,Vodafone Queen St (tattersalls),
HUTE8A-4000-002,Vodafone Adelaide St,
HUTE8A-4018-001,Vodafone Taigum,
HUTE8A-4032-001,Vodafone Chermside,
HUTE8A-4053-001,Vodafone Mitchelton,
HUTE8A-4053-002,Vodafone Stafford,
HUTE8A-4066-001,Vodafone Toowong,
HUTE8A-4068-001,Vodafone Indooroopilly,
HUTE8A-4077,Vodafone Inala,
HUTE8A-4078-001,Vodafone Forest Lake,
HUTE8A-4118-001,Vodafone Browns Plains,
HUTE8A-4122-001,Vodafone Upper Mt Gravatt,
HUTE8A-4129-001,Vodafone Loganholme,
HUTE8A-4215-001,Vodafone Southport,
HUTE8A-4218,Vodafone Mermaid Waters,
HUTE8A-4230,Vodafone Robina,
HUTE8A-4305-001,Vodafone Ipswich,
HUTE8A-4506-001,Vodafone Morayfield,
HUTE8A-5000-001,Vodafone Adelaide,
HUTE8A-5000-002,Vodafone Central Market,
HUTE8A-5015-001,Vodafone Port Adelaide,
HUTE8A-5067-001,Vodafone Norwood,
HUTE8A-5082-001,Vodafone Northpark,
HUTE8A-5098-001,Vodafone Ingle Farm,
HUTE8A-6000-001,Vodafone Murry Street,
HUTE8A-6003-001,Vodafone Northbridge,
HUTE8A-6030-001,Vodafone Clarkson,
HUTE8A-6056-001,Vodafone Midland,
HUTE8A-6062-001,Vodafone Morley,
HUTE8A-6101-001,Vodafone Victoria Park,
HUTE8A-6105-001,Vodafone Kippa Ring,
HUTE8A-6107-001,Vodafone Cannington,
HUTE8A-6148-001,Vodafone Riverton,
HUVA8,Huon Valley Council,
HWCHE,HWC Hydraulics & Equipment,
HYDR4,Hydrill Services,
HYME6,Hymech Pty Ltd,
HYSO6,Hydraulic Solutions and Sales,
HYTA7,Hydro Tasmania,
IARE2,Irons Auto Repairs & Engineering Pty Ltd,
IASA3,IAS Asia Pacific Pty Ltd,
IASE3,Ideas At Sea,
ICMG6,ICM GROUP,
IEDI2,Illawarra Electrical Distributors,
IENG2,I Engineering,
IESE5,Interstate Electrical Service Pty Ltd,
IESY6,I&E Systems Pty Ltd,
IIIN2,Illawarra Industrial Inst,
INAU2A,Indra Australia Pty Ltd A Saab-Accounts,
INCO2,Ingen Consulting,
INEC0,Intan Electric Company Sdn Bhd,
INEC3,Interworld Electronics & Computer Ind. Pty Ltd,
INGLIF,Ingenia Lifestyle,
ININ6,Integrated Industrial,
INPI4,Incitec Pivot Ltd,
INPL8,Inala Plaza Shopping Centre,
INSC8,Indigo Shire Council,
INSES4,INSESA,
INSY2B,Indrasync Ltd,
INSY2U,Indrasync Ltd,
INTE4U,Intellidesign,
INTENV,INTERNATIONAL ENVIRONMENTAL CONSULTANTS PTY LTD,
INVEN,Schneider Electric Systems,
INWE8,Inner West Council,
IOME2,Ionia Medical Pty Limited,
IPDA6,IP Dat,
IPMA2,Illawarra Plant Maintenance,No Discount
IPOW4,DO NOT USE - USE LIPS4,
IPPE8,Insulated Panel Perfection,
IRTE2,I.R.T. Communications Pty Ltd,
ISAS0,Integrated Switchgear & Systems,
ISAU3,ISUZU AUSTRALIA LIMITED,40% Discount - AF assigned this customer as KR
ISCO2,Inverell Shire Council,
ISPT3,ISPT Pty Ltd,
ITAL0,Italsound Lab Srl,
ITAU3,Iveco Trucks Australia Ltd (Vendor # 101968),
ITSO2,iTech Solutions Pty Ltd,
ITSO2U,iTech Solutions Pty Ltd,
ITSQ4,Transmax Pty Ltd,
ITTO3,IT Today (Aust) Pty Ltd,
InRoads,InRoads Group,
JAEN4,Jadmere Engineering,
JAMO3,Jakab Motors Cohuna,
JASO3,JAS Oceania Pty Ltd,35% Discount
JCTH5,JCB Healthcare Technology,
JESP2,Jenkins Spares,
JETL6,"Jetline Kerbing, Concrete & Retaining Walls",
JHCO2A,James Hardie Australia Pty Ltd,
JHTE2,JH Tester Industrial Automation Pty Ltd,
JLLS8,gladstone,
JMEL3,John Mitchell Electrical,
JMGA2,JMG Auto Electrical Pty Ltd,New Customer added 13/07/21- KR 10% trade discount
JMRE4,Johns Mechanical Repairs,
JNQLD,JN (QLD),
JNRG4,Jubilee Energy,
JOBFIND,JobFind Centres Australia,
JOCOA,Johnson Controls Australia Pty Limited,
JOGL2,JOY GLOBAL AUSTRALIA PTY LTD,
JPEC,JPEC Consulting,
JRDE4,JRD Engineering Service,
JSNE2,JSN Auto Electrical,
JUVA6,Just Valves Pty Ltd,
KACG4,Kac Generation Mechanical,15% Discount
KANE2,Kanes Hire Pty Ltd,
KAPO2,Karma Power,
KCIR4,Keith Crawley'S Industrial & Rural Supplies,
KCSC2,SCentre Shopping Centre Management (VIC) P/L,
KEEL2,Kenshaw Electrical,
KEHI6,Kennards Hire,
KEMA2,Kentan Machinery,
KESC8,Kempsey Shire Council,
KHSC3,Karingal Hub and Star Zone,
KIBS8,Kilias Building Services,
KIMC8,Kiama Municipal Council,
KMBS0,Konica Minolta Business Solutions,
KMCO8A,Kuring-Gai Municipal Council,
KMTM2,Kershaws Mts Machining,
KOFL2,Komatsu Forklifts Aust P/L,A/C #204006008
KONE4,Kone Elevators,
KONI0,Koniambo Nickel Sas,
KPAU2,Kelair Pumps Australia Pty Ltd,
KPSE2,Killmore Plant Services,10%
KPSG6,Pacific Energy Pty Ltd,15% discount
KRAU0,Kramer Ausenco(PNG) Ltd,
KSTD2,Kembla St Dental,
KSWO4,Mcconaghy Property Services Pty Ltd,
KTAU3,Kubota Australia Pty Ltd,Customer code:200 00 00079 - Disc 35%
KUEN2,Kuipers Engineering Pty Ltd,
KWIN8,City of Kwinana,
LAEM3,Laser Electrical Mildura,
LANINS,LAN Installations,
LAST4,Laserdyne Technologoes,
LATE2,Florence Pastoral Co,
LAWA2,Lawler Auto Electrics,
LCCO2A,Liverpool City Council,
LCCO8A,Liverpool City Council,
LDNG8,Lendlease Property Management (Australia) Pty Ltd,
LEME2,Leadmarker Marine Electrical,
LEWH2,Lecky's Electrical Wholesale,
LICC8,Lismore City Council,
LICE8,Lidcombe Property Holdings P/L,
LIDE2,Lismore Diesel,10% Discount
LIPL2,Archer & Beckett Ltd,
LIPS4,IME Solutions T/A I -Power Solutions,15%
LISC8,Livingstone Shire Council,
LITE2,Next Instruments,
LJSC8B,LEND LEASE PROP.MGT AUST P/L,
LKDS3,L K Diesel Service Pty Ltd,35% Discount
LLEN2,Lend Lease Engineering,
LLHG2,Lakeland Hire Group,
LMATM,LM & Associates Traffic Management Pty Ltd,
LMHU2,Leanne M Hubbard,
LSAE3,Lonsdale St Auto Electrics (Account Close Change ownersihip on 30/6/25),
LUME2,Lumen Resources,
LUMI3,Lucas Mill Pty Ltd,
MAAG2,Marshall AG Sales & Service,Tony Marshall - Owner
MACC4,Macca & Co Pty Ltd,
MACO3,Macquarrie Corporation P/L,35% discount
MACU4,Matts Custom,
MADR2,Mannion Drilling,
MAEL3,Maffra Auto Electrics,10% Discount
MAGE3,Macfarlane Generators P/L,30% discount
MAIN5,Mayfield Industries Pty Ltd,
MAPH2,Macs Plant Hire,
MAPT2U,Maptek Pty Ltd,
MARA8,Maranoa Regional Council,
MARC8,Mackay Regional Council,
MARIE3,Mariner Engineering,
MARO4,Dept Of Transport & Main Roads - Brisbane,
MARO81,Dept. of Transport & Main Roads- Barcaldine,
MARO82,Dept. of Transport & Main Roads - Corbould Park,
MARO83,Dept. of Transport & Main Roads - Cloncurry,
MARO85,Dept. of Transport & Main Roads-Emerald,
MARO86,Dept. of Transport & Main Roads-Manunda,
MARO87,Dept. of Transport & Main Roads-Maroochydore,
MARO88,Dept. of Transport & Main Roads-Brendale,
MARO89,Dept. of Transport & Main Roads-Roma,
MARO8W,Main Roads Western Australia,
MARO90,Dept. of Transport & Main Roads - Toowoomba,
MARO91,Dept. of Transport & Main Roads,
MARO92,Dept. of Transport & Main Roads,
MARO93,Department of Environment and Science,
MARO94,Departent of Infrastructure and Transport,
MARO96,Department of Transport & Main Roads Bundaberg,
MARO97,Roadtek Main Roads- Mackay,
MARO98,Department of Transport and Main Roads,
MARO99,Department Transport and Main Roads,
MASC8,Mareeba Shire Council,
MATA2,Marathon Targets Pty Ltd,
MATA2U,Marathon Targets Pty Ltd,
MATE4,Mandalay Technologies Pty Ltd,
MAUE7,Mainwaring Auto Electrics Pty Ltd,
MAUN2,Macquarie University,
MAXI2,Maxi Parts Pty Ltd,
MAYO7,Masters And Young Pty Ltd,
MAYO7U,Masters And Young Pty Ltd,
MBDC8,Mount Barker District Council,
MBRC8,Moreton Bay Regional Council,
MCAS2,Mckay Associates Pty Ltd,
MCAS2U,Mckay Associates Pty Ltd,
MCCO2,Maitland City Council,
MCCO3,McCall Communications,
MCDR6,McKay Drilling Pty Ltd,
MCKAY4,McKay Maritime,
MCME2,Mid City Mechanical,
MCON2,Modern Constructions,
MCPR6,C/O MCGEES PROPERTY,
MDHPL4,MDH Pty Ltd,
MDIN2,Magic Door Industries P/L,
MDRE3,Melbourne Diesel Repairs,
MECI2,Menai Civil,
MECO3B,Mekolec And Company,
MEEL0,Metropolis Electronics Asia-Pacific,
MESH3,MeshBI Pty Ltd,Cash Customer ONLY
MESY2,Meta Systems Pty Ltd,
MET,Metro Trains Melbourne P/L,
METC2,MetCentre,
METPRO,Mettle QLD Pty Ltd,
MGHI3,Murphy Grader Hire,
MIAI2,Micron Air Australia Pty Ltd,
MICC8,Mount Isa City Council,
MIDD3,Middendorp Electric Co Pty Ltd,
MINNOV,Minnovation Australia,
MIRE2,Veridapt Pty Ltd,Name changed 19/10/2020
MIRE8,Mirvac Real Estate Pty Ltd,
MISE4,GSE Services,
MISY2U,Midspar Systems Pty Ltd,
MITE4,Mitech Air & Allied Services,
MKEL2,M K Electronics,
MLCC8,The Trustee For Dexus & The Trusee For General Property Trust-MLC Centre  Martin Place Trust,
MMBE2,Macarthur Mercedes Benz,
MMCASH,Cash Account,
MMCASHU,Cash Account - USD,
MMEM2,MM Electrical Merchandising,
MMEM2S,Haymans Electrical,
MMUC8,Mid Murray Council,
MOAL8,Mount Alexander Shire Council,
MOBM2,Monitor Business Machines Pty Ltd,
MOEC3,Molec Electrical Contractor Pl,
MOGR8,Lolita No.1 Pty Ltd & Lolita No.2 Pty Ltd,
MOMU2,Mosman Municipal Council,
MOUN8,Monash University,
MOVI5,Monview,
MPCC2,NMCT Macquarie Park Cemetary & Crematorium,
MPCO5,Mundallio Pastoral Company P/L,
MPES3,MPE Services,
MPSC8,Mornington Peninsula Shire Council,
MRCC8,Mildura Rural City Council,
MRCG4,MRC Global Australia Pty Ltd,
MRUS4,Metals R Us,
MRXT6,Siemens Mobility,
MRXT6U,Siemens Mobility Pty Ltd,
MSCO2,Clarence Valley Council,
MSCO2D,Murray River Council,
MSCO2E,Upper Hunter Shire Council,
MSCO2F,Muswellbrook Shire Council,
MSSC8,Davinski Nominees Pty Ltd,
MSTE5,My Sky Technologies Pty Ltd,
MSYS2,Mission Systems Pty Ltd,
MTSO6,Moncrieff Technology Solutions,
MUCO8,Murrumbidgee Council,
MUEL8,Troyberg Pty Ltd t/a Electrotech Systems,
MUHE8,Muhel Consulting,
MULP2,Mulpha Australia Limited,
MULT6,Multispares Limited,
MUSC4,Murweh Shire Council,
MUWD2,Mundubbera Water Drilling,
MVRT4,Mary Valley Rail Trail Assoc.Inc,
MYEL3,Myers Electrical,
NAAU0,Navico Auckland Ltd,
NABL0,Northern Australian Beef Ltd,
NAPE2,National Pump & Energy,
NASC2,Narromine Shire Council,
NATS8,National Traffic Surveys,
NAUBG,National Australian Botanic Gardens,
NB3EL,NB3 Electrical Pty Ltd,
NBIN4,Nepean,
NBRC8,North Burnett Regional Council,
NCMA4,North Coast Machinery,
NCSI8,NCSI (Australia) Pty Ltd,
NECO8,Neo Construct Pty Ltd,
NEGO2,New Govardhana,
NEPR3,Neoproducts Pty Ltd,
NESPL,Network Electrical Solutions Pty Ltd,
NEVM2,Nevmat Australia Pty Ltd,
NEXO2,Nexo Engineering,
NGSC3,Northern Grampions Shire Council,
NMBCI,Narooma Mountain Bike Club Incorporated,
NOBEH8,Northern Beaches Hospital,
NOCE4,Northlane Consulting Engineers,
NOCI8,Stockwell NC Pty Ltd ATF Noosa Civic Property Trust,
NOJELE,Nojdhs Elektronik AB,
NORO4,Norosco,
NOVC8,Nouchy Mining Services,
NPWS2J,National Parks & Wildlife Service,
NPWS2P,OFFICE OF ENVIR. & HERITAGE,
NPWS800,NSW National Parks & Wildlife,
NPWS801,Office of Environ. & Heritage - Armidale,
NPWS802,Office of Environ. & Heritage - Bathurst,
NPWS803,Office of Environ. & Heritage - Bingara,
NPWS804,Office of Environ. & Heritage - Blackburn,
NPWS805,Office of Environ. & Heritage - Bombala,
NPWS806,Office of Environ. & Heritage - Dorrigo,
NPWS807,Office of Environ. & Heritage - Eden,
NPWS808,Office of Environ. & Heritage - Fitzroy,
NPWS809,Office of Environ. & Heritage - forbes,
NPWS811,Office of Environ. & Heritage - Grafton,
NPWS812,Office of Environ. & Heritage - Hay,
NPWS813,Office of Environ. & Heritage - Hill End,
NPWS814,Office of Environ. & Heritage - Merimbula,
NPWS815,Office of Environ. & Heritage - Middlehead,
NPWS816,Office of Environ. & Heritage - Moama,
NPWS817,Office of Environ. & Heritage - Mt Tomah,
NPWS818,Office of Environ. & Heritage - Mudgee,
NPWS819,Office of Environ. & Heritage - Narrabri,
NPWS820,Office of Environ. & Heritage - Pacific Palms,
NPWS821,Office of Environ. & Heritage - Tenterfield,
NPWS822,Office of Environ. & Heritage - Walcha,
NPWS823,Office of Environment & Heritage,
NPWS824,NSW Parks & Wildlife,
NPWS825,Department of Environment Glen Innes,
NPWS826,National Parks & Wildlife Service,
NPWS827,National Parks & Wildlife Service SA,
NPWS828,Parks & Wildlife - Booderee National park,
NPWS8A,National Parks and Wildlife - Bobbin Head,
NPWS8E,NPSW GLEN INNES,
NQAS4,North Queensland Agricultural,30% discount
NQIE4,NQ Industrial Electrics,10% Trade discount
NRGG7,NRG Gladstone Operating Services Pty Ltd,
NSAG3U,National Safety Agency,
NSCO2A,Noosa Council,
NSCO8A,Narrabri Shire Council,
NSLC8,North Sydney Leagues Club,
NSWPF2,NSW Police Force,
NTPL8,SCA Property Group - New Town Plaza,
NZWR0,NZ Welder Repair Services Ltd,
OCESU,Oceanic Supply Pty Ltd (PIA),
OCWEN4008,Ocwen Energy Pty Ltd Lowes Petroleum,
OEGR,Outdoor Education Group,
OEMD2,OEM Dynanics,
OFWO8,Officeworks Superstore Pty Ltd,Customer no: 2933281
OMDI2,Offshore Marine Diesel,15% reseller discount
OMEA2,Omearse Pty Ltd,
OMEDIA3,oOh!media Operations Pty Limited,
OMF8,Original Mattress Factory P/L,
ONST2,Infrabuild,"Customer no: 2002240    Sales Team please pay extra attention on this, if you ever receive any PO  t"
ONYXU,Onyx Healthcare INC.,
OPM08-2035-001,optus,
OPM08-2067-001,Optus Chatswood Chase,
OPM08-2113-001,Optus Macquarie Park Campus,
OPM08-2154-001,Optus Castle Towers,
OPM08-3152-001,Optus Wantirna (Knox),
OPM08-4304-001,Optus Booval Fair,
OPMO8,Optus Mobile Pty Ltd,
OPMO8-0810-001,Optus Casuarina NT,
OPMO8-2000-001,Optus on George,
OPMO8-2017,Optus Zetland,
OPMO8-2028-001,Optus Double Bay,
OPMO8-2113-001,Optus Macquarie Centre,
OPMO8-2135-001,Optus Strathfield,
OPMO8-2220-001,Optus Hurstville,
OPMO8-2250-001,Optus Erina Fair,
OPMO8-2300-001,Optus Newcastle,
OPMO8-2444-001,Optus Port Macquarie,
OPMO8-2640-001,Optus Albury,
OPMO8-2761-001,Optus Plumpton,
OPMO8-3030-001,Optus Point Cook,
OPMO8-3173-001,Optus Parkmore,
OPMO8-3199-001,Optus Frankston,
OPMO8-3337-001,Optus Melton,
OPMO8-3355-001,Optus Wendouree,
OPMO8-3400-001,Optus Horsham,
OPMO8-4000-001,Optus Queen st Mall,
OPMO8-4032-001,Optus Chermside,
OPMO8-4078-001,Optus Forest Lake,
OPMO8-4129-001,Optus Hyperdome,
OPMO8-4152-001,Optus Carindale,
OPMO8-4178-001,Optus Wynnum,
OPMO8-4215-001,Optus Australia Fair,
OPMO8-4216-001,Optus Runaway Bay,
OPMO8-4230-001,Optus Robina,
OPMO8-4701-001,Optus Rockhampton,
OPMO8-4812-001,Optus Castletown,
OPMO8-4817-001,Optus The Willows,
OPMO8-6109-001,Optus Maddington,
OPMO8-6154-001,Optus Booragoon,
OPMO8-7250-001,Optus Launceston,
OPNC0,OFFICE PLUS,
OPSC3,Optiscan Pty Ltd (DO NOT USE),
OPSC3U,Optiscan Pty Ltd,
ORAN8,Orange City Council,
ORAU2A,Orica Australia Pty Ltd,
OREN1,Origin Energy,
ORSES3,Ortech Security Services,
OTTO3,Otto Construstion Group P/L,
OTWS2,On The Water Sydney,
OUSP4,Outback Spares,10% Trade
OUTSYS,Outdoor Systems Pty Ltd,
OZMI6,Oz Minerals,
PAAG4,Pacific Agencies,
PACE4,FPS ATF The Surfers Paradise Trust,
PACG0,Paragon Care Group,
PACO4,Pacific Controls Pty Ltd,
PACO8A,Queanbeyan-Palerang Regional,
PAHSMA7,Port Arthur Historic Site Managemetn Authoity,
PAIN2,Paveline International Pty Ltd,
PASM4,Pasma Electrical,
PASY2,Partech Systems Pty Ltd,
PAUN2,Port Authority Of NSW,
PAVI8,Parks Victoria,
PBTEC0,PB Technologies LTD,
PCCO8,City Of Parramatta,
PCCO8-001,City Of Parramatta Library,
PCCO8-002,Epping Branch Library,
PCCO8-003,Carlingford Library,
PCCO8-004,Ermington Branch Library,
PCCO8-005,Dundas Valley Branch Library,
PCCO8-006,Constitution Hill Branch Library,
PCHE5,Plastico & Hackett Engineering,
PCSC2,PORT CENTRAL SHOPPING CENTRE,
PCSO2,Sydney International Regatta Centre,
PEAAR8,Peak Are Pty Ltd,
PEAU0,Pacific Ears New Zealand Pty Ltd,
PEAU2,Penske Australia,
PEBR0U,Peacock Bros NZ Ltd,
PEBR3,Peacock Bros,
PEBR3U,Peacock Bros,
PECM0,Pettoros Corporation Malaysia,
PENT4,Pentagon Systems,
PERE4,Pembroke Oliver Downs Complex,
PFEN3,Phill Fehring Engineering,
PFWE2,P.F.W. Electrical Pty Ltd,
PGAU2,Powergen Australia,10% Trade
PHEM0,Phillips Earthmoving Contractors Pty Ltd,
PHNZ0,Sonova New Zealand (Wholesale),
PHPU6,Phoenix Pumps Pty Ltd,
PIPA4,Pipar Automation,
PIRT2,Pirtek,
PIXGRO,Pixelcase Group Pty Ltd,
PLAINF,Platinum Infrastructure Pty Ltd,
PLCO8,Pymble Ladies College,
PLIN6,Plummers Industries Pty Ltd (Tee Plummer Family Trust),
PLUSFA,Plush-Think Sofas Pty Ltd,
PLUSFA-3152-001,Plush Knox,
PLUSFA-4305-001,Plush Toowoomba,
PLUSFA-5031-001,Plush Mile End,
PMCM2,PMC Mechanical Services,
PMCS2,PM Control Systems (Australia) Pty Ltd,
PMED2,Profile Medical Devices,
PMEL6,Perth Marine Electrical,
POAU2,Powerbox Australia Pty Ltd,
POAU3,Powercor Australia Ltd,
POCO8,Partners on Country,
PODI4,Powerhouse Distribution P/L,
POEQ3,Power Equipment Pty Ltd,
POES3,Powertech Electrical Services,
POFL2,Powerflo Solutions,
POIA3,Power Industries Australia,
POMA2,Polaris Marine,
POMU2,Powerhouse Museum,
POPE2,Premier Outdoor Power Equipment,
POTO8,Port of Townsville Ltd,
PPAE0,Pan Pacific Auto Electrics Ltd,
PPEN2,Peel Precision Engineering,
PRAG2,Providence Asset Group,
PRAL4,Provectus Algae,
PRBLG,ProbeLogic Pty Ltd,
PRIMA3,Prisma Made,
PRIMA3U,Prisma Made,
PRIT4,Procureit,
PRMA0,Progress Rail Manufacturing Corporation |,
PRMA0U,Progress Rail Manufacturing Corporation,
PRMA2,Progress Rail Rail Services Electro-Motive Maint Operation,
PRMA21,Progress Rail Australia P/L,
PRMK8,Prahran Market Pty Ltd,
PRMU2,Premier Mushrooms Pty Ltd,
PROA2,Professional Automation P/L,
PROE3,ProQuip,
PRPO4,PR Power,
PRPU2,Prime Pumps Pty Ltd,
PRSE2,Premiair Services Pty Ltd (Atf Xiberras Family Trust),
PSCO8A,Parkes Shire Council,
PSIF3,PSI Fluid Power,
PSSC8,Port Stephens Shire Council,
PSSC81,Port Stephens Shire Council - Raymond,
PSSC82,Port Stephens Shire Council - Nelson Bay,
PTAU4,P.T. Automation Solutions,
PTBM0U,PT BLACKMAGIC DESIGN,
PTCE6,Public Transport Authority,
PWBS8,Primewest Funds Ltd Atf Brassall Shopping Centre,
PWLM6,PathWest Laboratory Medicine WA,
PWPL8,QACPF Pittwater Place Pty Ltd ATF QACPF Pittwater Place Trust ABN 63218440681,
PWSE7,Tasmania Parks and Wildilfe Service,
QFIS4,Queensland Fuel Injection Service,15% Discount
QILP8,Quilpie Shire,
QISHM,QISH Medical,
QLDT4,Queensland Uni Of Technology Facilities Management,
QPWS01,Qld Parks & Wildlife Service - Mossman,
QPWS02,Qld Parks & Wildlife Service - Parkhurst,
QPWS03,Qld Parks & Wildlife Services - Daisy Hill,
QPWS04,Qld Parks & Wildlife - Beechmont,
QPWS05,Qld Parks & Wildlife - Cairns,
QPWS06,Qld Parks & Wildlife - Cardwell,
QPWS07,Qld Parks & Wildlife - Toowoomba,
QPWS08,Qld Parks & Wildlife Service - Kingaroy,
QPWS09,Qld Parks & Wildlife Service - Ripplecreek,
QPWS10,Qld Parks and Wildlife Service - Longreach,
QPWS11,Queensland Parks & Wildlife Service & Partnerships,
QPWS12,Queensland Parks & Wildlife Service & Partnerships,
QPWS13,Dept.of Environment & Science,
QPWS14,Queensland Parks & Wildlife Service & Partnerships,
QPWS15,Queensland Parks & Wildlife Service - Walkabout Creek,
QPWS16,Queensland Parks and Wildlife Service & Partnerships,
QPWS17,Queensland Parks & Wildlife,
QPWS18,Queensland Parks & Wildlife,
QPWS813,Queensland Parks & Wildlife Service and Partnership,
QPWS8T,Queensland Parks & Wildlife Service & Partnerhships,
QUHE4,Queensland Health Townsville Hospital & Health Service,
R4RO4,R4 Robotics,
RAEL4,Ritson Auto Electrics,
RATCO,Ratio Consultants Pty Ltd,
RBGA2,The Royal Botanic Gardens and Domain Trust,
RBSE2,RONDO BUILDING SERVICES P/L,
RCMB8,The Rural City of Murray Bridge,
RCTE6,Remote Control Technologies P/L,30% off solenoids only
RDPA4,R D Pearce & Associates P/L,
REAU2L,Lear & Smith Elec. Wholesalers (A Div Rexel Group Aust P/L),
REAU2M,Rexel Electrical Supplies Pty Ltd,
REFI8,YFG Shopping Centres & Australia Fair Northeast,
REFI8A,YFG SHOPPING CENTRES & TRONDAGE UNITED PTY LTD,
REFI8B,YFG SHOPPING CENTRES &,
REFI8C,(OWREDB) YFG SHOPPING CENTRES,
REFI8D,(OWASPL) YFG Shopping Centres Pty Ltd,
REGE4,Reactive Generators,
REMT3,Remtron Automation Pty Ltd,
RENAUS,Renascent Australia Pty Ltd,
RESO2,GN Hearing Australia Pty Ltd,
RETO2,Renzo & Tonin & Associates Pty Ltd,
RETS3,Redflex Traffic Systems P/L,
REVI0,Redbyte Design Pty Ltd,
RHCR2,WALSH & COMPANY INVESTMENTS,
RICMA,Richardson Marine,
RICO2,Drill Doctors Pty Ltd,
RIMQ7,Rivtow Marine Queensland P/L,
RIOT6,Pilbara Iron,
RIOT6U,Pilbara Iron Company (Services) Pty Ltd,
RIOTN6,Rio Tinto,
RIPG3,Riviera Pumps & Generators,15% Discount
RJMCD2,RJM Complete Diesel,
RKFE2,RKF Engineering Services,
RMEM8,R.M.E.M Engineering,
RMEQ4,Russell Mineral Equipment P/L,
RMLE2B,DOWNER EDI ENGINEERING,
RMPL8A,Ispt Pty Ltd Richmond Marketplace,
ROBO3,Robert Bosch (Australia) Pty Ltd,
ROBO3U,Robert Bosch (Australia) P/L,
ROIN0,Roadinfor Nordic AB,
ROLA2,Rollers Australia,
ROPL0,Robotics Plus,
RORC8,Rockhampton Regional Council,
RORK8,Rork Projects Pty Ltd (Under Administration),
ROSYS2,Robotic Systems Pty Ltd,
ROWI0,Rotor & Wing,
RSFA4,Richards Steel Fabricaition Pty Ltd,
RTAG2,Road & Maritime Services,
RTLM3,RTL Mining And Earthworks P/L,
RUMA2,Runswell Machinery P/L,
RUSO3,Ruson Pty Ltd,
RUTR2,Ross Underwood Transport,
RVCO2,Richmond Valley Council,
RYCO4,RYZA Constructions,
RYPRE,Rye Park Renewables Energy Pty Ltd ATF the Rye Park Wind Farm Trust,
SAAB4U,Saab Australia Pty Ltd,
SAAE5,SA Auto Electrics,
SAAS0,Singapore Aerospace & Aviation Services Pte Ltd,
SAAU5,Sage Automation Pty Ltd,
SACO8,Sydney Airport Corporation Limited,
SAEN3,Soul-Amp Engineering,
SAIN2,Saunders International Pty Ltd,
SALB2,Salmon Bros Electrical Pty Ltd,
SANO3,St Antonios Nominees,
SANT5,Santos Limited,
SAPD5,South Eastern Sydney Local Health District,
SAPN5,SA Power Networks,
SASM8,SA Security Monitoring Pty Ltd,
SASY0,Saab Australia Pty Ltd,
SAV12,Sato Vicinity Pty Ltd,
SAWC8,South Australian Water Corporation,
SBMM6,SBM Mobile Welding,
SC-2067-001,Mandarin Centre,
SC-2259-001,Village Central Wyong,
SC2000-001,Queen Victoria Building,
SC2000-002,The Galleries,
SC2000-003,The Strand Arcade,
SC2000-004,World Square,
SC2000-005,Town Hall Square,
SC2000-006,Chifley Plaza,
SC2000-007,52 Martin Place,
SC2000-008,Pavilion On George,
SC2000-009,MetCentre,
SC2001-001,Stockland Piccadilly Shopping Centre,
SC2008-001,Central Park Mall,
SC2011-001,Kings Cross Centre,
SC2011-002,Omnia Potts Point,
SC2022-001,Westfield Bondi Junction,
SC2022-002,Eastgate Bondi Junction Shopping Centre,
SC2033-001,Supa Centa Moore Park,
SC2035-001,Pacific Square,
SC2036-001,Westfield Eastgardens,
SC2036-002,Southpoint Shopping Centre,
SC2040-001,MarketPlace Leichhardt,
SC2040-002,Norton Plaza Shopping Centre,
SC2060-001,Northpoint Tower,
SC2062-001,Cammeray Square,
SC2067-001,Chatswood Chase Sydney,
SC2067-002,Westfield Chatswood,
SC2068-001,The Valley Plaza Shopping Centre,
SC2075-001,St Ives Shopping Village,
SC2077-001,Westfield Hornsby,
SC2082-001,Berowra Village,
SC2086-001,Forestway Shopping Centre,
SC2088-001,Bridgepoint Shopping Centre,
SC2093-001,Balgowlah Shopping Centre,
SC2099-001,Dee Why Grand Shopping Centre,
SC2100-001,Westfield Warringah Mall,
SC2102-001,Warriewood Square Shopping Centre,
SC2103-001,Pittwater Place Shopping Centre,
SC2111-001,Gladesville Shopping Village,
SC2112-001,Top Ryde City Shopping Centre,
SC2114-001,Home-Co West Ryde,
SC2118-001,Carlingford Court,
SC2119-001,Beecroft Place,
SC2120-001,Thornleigh Marketplace,
SC2122-001,Eastwood Shopping Centre,
SC2126-001,Cherrybrook Village,
SC2131-001,Ashfield Mall,
SC2134-001,Westfield Burwood,
SC2134-002,Burwood Plaza,
SC2140-001,DFO Homebush,
SC2140-002,Sydney Markets,
SC2141-001,Lidcombe Shopping Centre,
SC2144-001,Auburn Central Shopping Centre,
SC2144-002,Centuria Auburn Megamall,
SC2145-001,Pemulwuy SC Pty Ltd,
SC2147-001,Herdsman,
SC2148-001,Blacktown Mega Centre,
SC2150-001,Westfield Parramatta,
SC2151-001,North Rocks Shopping Centre,
SC2153-001,Norwest Marketown,
SC2153-002,Grove Square - The Hills,
SC2153-003,Winston Hills Mall,
SC2154-001,Castle Towers/Castle Mall,
SC2154-002,Home-Co Hills Super Centre,
SC2155-001,North Kellyville Square,
SC2155-002,HomeCo. Kellyville,
SC2160-001,Stockland Merrylands Shopping Centre,
SC2162-001,Chester Square,
SC2164-001,Stockland Wetherill Park Shopping Centre,
SC2165-001,Fairfield Forum Shopping Centre,
SC2165-002,Fairfield City Central,
SC2170-001,Westfield Liverpool,
SC2170-002,Liverpool Plaza,
SC2170-003,Th Grove Homemaker Centre Liverpool,
SC2171-001,Carnes Hill Marketplace,
SC2177-001,Bonnyrigg Plaza,
SC2179-001,HomeCo. Leppington,
SC2190-001,Chullora Marketplace,
SC2194-001,Campsie Centre,
SC2196-001,Roselands Shopping Centre,
SC2197-001,Bass Hill Plaza,
SC2200-001,Bankstown Central,
SC2216-001,Rockdale Plaza,
SC2220-001,Westfield Hurstville,
SC2220-002,Hurstville Central,
SC2224-001,Southgate Shopping Centre,
SC2228-001,Westfield Miranda,
SC2229-001,Caringbah Shopping Village,
SC2259-002,Westfield Tuggerah,
SC2259-003,Lake Munmorah Shopping Centre,
SC2261-001,Bateau Bay Square,
SC2263-001,Lake Haven Centre,
SC2264-001,Morisset Square,
SC2280-001,Belmont Citi Centre,
SC2280-002,Jewellstown Plaza,
SC2282-001,Warners Bay Village,
SC2285-001,Glendale city Centre,
SC2285-002,Edgeworth Town Square,
SC2285-003,Cameron Park Plaza,
SC2287-001,Wallsend Village,
SC2287-002,Elermore Vale Shopping Centre,
SC2289-001,Westfield Kotara,
SC2290-001,Lake Macquarie Square,
SC2291-001,Junction Fair Shopping Centre,
SC2299-001,Jesmond Central,
SC2302-001,Marketown Shopping Centre,
SC2304-001,Warabrook Shopping Centre,
SC2316-001,Port Stephens Homemaker Centre,
SC2317-001,Salamander Bay Square,
SC2320-001,Maitland Riverside Plaza,
SC2320-002,Hunter Supa Centre,
SC2320-003,Home + Life Rutherford,
SC2320-004,Rutherford Marketplace,
SC2322-001,Thornton Shopping Centre,
SC2323-001,Stockland Green Hills Shopping Centre,
SC2330-001,Singleton Square,
SC2340-001,Tamworth Square,
SC2350-001,Armidale Central,
SC2428-001,Stockland Forster Shopping Centre,
SC2430-001,Manning Mall,
SC2444-001,Settlement City,
SC2444-002,Port Central Shopping Centre,
SC2450-001,Moonee Market,
SC2452-001,Toormina Gardens Shopping Centre,
SC2480-001,Lismore Square,
SC2480-002,Lismore Central,
SC2484-001,Sunnyside Mall,
SC2485-001,Tweed Mall Shopping Centre,
SC2500-001,Wollongong Central Shopping Centre,
SC2502-001,Warrawong Plaza,
SC2518-001,Corrimal Centre,
SC2519-001,Ambience Fairy Meadow,
SC2525-001,Figtree Grove Shopping Centre,
SC2528-001,Warilla Grove Shopping Centre,
SC2529-001,Stockland Shellharbour Shopping Centre,
SC2536-001,Village Centre and Bridge Plaza,
SC2541-001,Nowra Centre Plaza,
SC2541-002,Nowra Mall,
SC2550-001,Sapphire Marketplace,
SC2557-001,HomeCo. Gregory Hills,
SC2558-001,Eagle Vale Marketplace,
SC2560-001,Macarthur Square,
SC2560-002,Campbelltown Mall,
SC2566,Minto Market Place,
SC2567-001,Mt Annan Central,
SC2567-002,Narellan Town Centre,
SC2567-003,Mount Annan Marketplace,
SC2567-004,Harrington Plaza,
SC2570-001,Spring Farm Shopping Centre,
SC2575-001,Highlands Marketplace,
SC2580-001,Goulburn Square,
SC2606-001,Westfield Woden,
SC2609-001,Canberra Outlet Centre,
SC2614-001,Jamison Plaza,
SC2617-001,Westfield Belconnen,
SC2617-002,Capital Food Market,
SC2619-001,Jerrabomberra Village,
SC2620-001,Riverside Plaza,
SC2640-001,West End Shopping Centre,
SC2640-002,Myer Centrepoint,
SC2641-001,Lavington Square Shopping Centre,
SC2650-001,Wagga Wagga Marketplace,
SC2650-002,Sturt Mall Shopping Centre,
SC2747-001,Jordan Springs Shopping Centre,
SC2750-001,Nepean Village,
SC2750-002,Lennox Village,
SC2750-003,Westfield Penrith,
SC2750-004,Southlands Shopping Centre,
SC2751-001,Huntlee Shopping Centre,
SC2753-001,Richmond Marketplace,
SC2756-001,Windsor Riverview Shopping Centre,
SC2756-002,Windsor Marketplace,
SC2759-001,St Clair Shopping Centre,
SC2761-001,Greenway Village,
SC2768-001,Stanhope Village,
SC2770-001,Westfield Mount Druitt,
SC2795-001,Armada Bathurst Shopping Centre,
SC2800-001,Orange Central Square,
SC2830-001,Dubbo Square,
SC2870-001,Parkes Metroplaza,
SC2900-001,South Point Tuggeranong,
SC2912-001,Marketplace Gungahlin,
SC2913-001,Casey Market Town,
SC3000-001,Emporium Melbourne,
SC3000-002,206 Bourke Street,
SC3000-003,Melbourne's GPO Shopping Centre,
SC3000-004,The Strand Melbourne,
SC3000-005,Midtown Melbourne,
SC3001-001,Myer Melbourne,
SC3006-001,DFO South Wharf,
SC3006-002,Melbourne Square,
SC3008-001,Spencer Outlet Centre,
SC3019-001,Central West Shopping Centre,
SC3020-001,Sunshine Marketplace,
SC3025-001,Altona Gate Shopping Centre,
SC3027-001,Williams Landing Shopping Centre,
SC3030-001,Stockland Point Cook Shopping Centre,
SC3032-001,Maribyrnong Homemaker Centre,
SC3038-001,Keilor Central,
SC3038-002,Watergardens Shopping Centre,
SC3041-001,DFO Essendon,
SC3042-001,Westfield Airport West,
SC3047-001,Broadmeadows Central,
SC3064-001,Roxburgh Village,
SC3072-001,Northland Shopping Centre,
SC3082-001,Westfield Plenty Valley,
SC3083-001,DFO Uni Hill,
SC3109-001,The Pines Shopping Centre (011),
SC3121-001,Victoria Gardens Shopping Centre,
SC3124-001,Camberwell Place,
SC3128-001,Box Hill Central (North Precinct),
SC3128-002,Box Hill Central (South Precinct),
SC3130-001,Blackburn Square Shopping Centre,
SC3131-001,Forest Hill Chase Shopping Centre,
SC3136-001,Croydon Central Shopping Centre,
SC3140-001,Lilydale Marketplace,
SC3146-001,Tooronga Village,
SC3148-001,Chadstone Shopping Centre,
SC3150-001,The Glen Shopping Centre,
SC3150-002,Brandon Park Shopping Centre,
SC3150-003,Century City Walk,
SC3152-001,Westfield Knox Shopping Centre,
SC3163-001,Carnegie Central,
SC3166-001,Oakleigh Central,
SC3192-002,Westfield Southland,
SC3194-001,DFO Moorabbin,
SC3199-001,Bayside Centre,
SC3205-001,South Melbourne Central,
SC3214-001,Corio Village Shopping Centre,
SC3216-001,Belmont Village Shopping Centre,
SC3217-001,Home-Co Armstrong Creek DM Centre,
SC3220-001,Westfield Geelong,
SC3220-002,Market Square Shopping Centre,
SC3224-001,Gateway Plaza Leopold,
SC3226-001,Kingston Village Square,
SC3355-001,Stockland Wendouree Shopping Centre,
SC3550-001,Bendigo Marketplace,
SC3555-001,Lansell Square,
SC3802-001,Endeavour Hills Shopping Centre,
SC3805-001,Westfield Fountain Gate,
SC3805-002,Casey Central Shopping Centre,
SC3810-001,Pakenham Central Marketplace,
SC3840-001,Mid Valley Shopping Centre,
SC3844-001,Traralgon Centre Plaza,
SC3910-001,The Gateway Shopping Centre,
SC3931-001,Mornington Central,
SC3931-002,Bentons Square Shopping Centre,
SC3939-001,Rosebud Plaza,
SC3977-001,Cranbourne Park Shopping Centre,
SC4000-001,Queens Plaza Mall,
SC4000-002,Uptown,
SC4000-003,Wintergarden Shopping Centre,
SC4000-004,The Barracks Shopping Centre,
SC4008-001,DFO Brisbane,
SC4012-001,Toombul Shopping Centre,
SC4018-001,Taigum Square,
SC4034-001,Aspley Homemaker,
SC4054-001,Arana Hills Plaza,
SC4074-001,Mt Ommaney Centre,
SC4075-001,The Station Oxley,
SC4078-001,Forest Lake Shopping Centre,
SC4102-001,Buranda Village,
SC4109-001,Sunnybank Plaza,
SC4109-002,Sunnybank Hills Shoppingtown,
SC4109-003,Sunny Park Shopping Centre,
SC4109-004,MacGregor Home,
SC4114-001,Logan Central Plaza,
SC4118-001,Grand Plaza,
SC4118-002,Village Fair Shopping Centre,
SC4152-001,Westfield Carindale,
SC4161-001,Alexandra Hills Shopping Centre,
SC4163-001,Cleveland Central,
SC4165-001,HomeCo. Victoria Point,
SC4170-001,Cannon Hill Kmart Plaza Shopping Centre,
SC4212-001,Westfield Helensvale,
SC4215-001,Australia Fair Shopping Centre,
SC4215-002,Australia Fair Metro,
SC4216-001,Runaway Bay Centre,
SC4216-002,Harbour Town Premium Outlets,
SC4217-001,Paradise Centre,
SC4220-001,Stockland Burleigh Heads Shopping Centre,
SC4225-001,The Strand at Coolangatta,
SC4305-001,Brassall Shopping Centre,
SC4305-002,Riverlink Shopping Centre,
SC4350-001,The Ridge Shoppingworld,
SC4350-002,Toowoomba Plaza,
SC4350-003,Clifford Gardens Shopping Centre,
SC4455-001,Westlands Plaza,
SC4500-001,Strathpine Centre,
SC4506-001,Morayfield Shopping Centre,
SC4507-001,Bribie Island Central,
SC4551-001,Stockland Caloundra Shopping Centre,
SC4551-002,Caloundra Shopping Centre,
SC4551-003,Stockland Baringa Shopping Centre,
SC4557-001,The Wharf Mooloolaba,
SC4558-001,Sunshine Plaza,
SC4558-002,Maroochydore Homemaker Centre,
SC4558-003,Sunshine Homemaker Centre,
SC4566-001,Noosa Civic Centre,
SC4570-001,Gympie Central,
SC4570-002,Goldfields Plaza,
SC4575-001,Stockland Birtinya Shopping Centre,
SC4610-001,Kingaroy Shoppingworld,
SC4655-001,Stockland Hervey Bay Shopping Centre,
SC4655-002,Pialba Place,
SC4670-001,Sugarland Plaza Bundaberg,
SC4670-002,Stockland Kensington Shopping Centre,
SC4680-001,Gladstone Centre Plaza,
SC4700-001,Rockhampton City Centre Plaza,
SC4700-002,Allenstown Square,
SC4701-001,Stockland Rockhampton Shopping Centre,
SC4740-001,Mount Pleasant Centre,
SC4802-001,Whitsunday Plaza Shopping Centre,
SC4812-001,CastleTown Shoppingworld,
SC4814-001,Townsville Shopping Centre,
SC4814-002,The Intersection Townsville Shopping Centre,
SC4870-001,Earlville Shopping Town,
SC5031-001,Brickworks Marketplace,
SC5037-001,Kurralta Central Shopping Centre,
SC5039-001,Castle Plaza Shopping Centre,
SC5046-001,Westfield Marion,
SC5067-001,Norwood Place,
SC5092-001,Westfield Tea Tree Plaza,
SC5097-001,St Agnes Shopping Centre,
SC5112-001,Elizabeth City Centre,
SC5168-001,Colonnades Shopping Centre,
SC5168-002,Noarlunga Homemaker Centre,
SC5540-001,Primewest Port Pirie Shopping Centre,
SC6000-001,Enex Perth,
SC6000-002,Carillion City,
SC6000-003,100 St Georges Terrace,
SC6005-001,City West Centre,
SC6010-001,Claremont Quarter,
SC6014-001,Floreat Forum,
SC6016-001,Hawaiian's Mezz,
SC6018-001,Westfield Innaloo,
SC6020-001,North Beach Shopping Centre,
SC6021-001,Primewest Northlands,
SC6023-001,Duncraig Shopping Centre,
SC6024-001,Warwick Grove Shopping Centre,
SC6025-001,Westfield Whitford City,
SC6025-002,Hillarys Boardwalk,
SC6026-001,Woodvale Boulevard Shopping Centre,
SC6027-001,Lakeside Joondalup Shopping City,
SC6028-001,Currumbine Central Shopping Centre,
SC6035-001,Yanchep Village,
SC6036-001,Butler Central,
SC6054-001,Hawaiian's Bassendean,
SC6056-001,Midland Gate Shopping Centre,
SC6056-002,Centrepoint Shopping Centre,
SC6056-003,Darling Ridge Shopping Centre,
SC6058-001,Hawaiian's Forrestfield,
SC6059-001,Dianella Plaza Shopping Centre,
SC6060-001,Flinders Square,
SC6060-002,Dog Swamp Shopping Centre,
SC6061-001,Stirling Central Shopping Centre,
SC6061-002,The Square Mirrabooka,
SC6062-001,Galleria Shopping Centre,
SC6062-002,Hawaiian's Noranda,
SC6063-001,Altone Park Shopping Centre,
SC6063-002,Springs Shopping Centre,
SC6064-001,Hawaiian Newpark Shopping Centre,
SC6064-002,Alexander Heights Shopping Centre,
SC6065-001,Wanneroo Central,
SC6069-001,Ellenbrook Central,
SC6076-001,Kalamunda Central,
SC6101-001,Victoria Park Central,
SC6101-002,Hawaiian's Park Centre,
SC6105-001,DFO Perth,
SC6105-002,Belmont Forum,
SC6107-001,Westfield Carousel,
SC6108-001,Thornlie Square Shopping Centre,
SC6109-001,Maddington Central,
SC6110-001,Southern River Shopping Centre,
SC6110-002,Southern River Square Shopping Centre,
SC6112-001,Armadale Shopping City,
SC6112-002,Stockland Harrisdale Shopping Centre,
SC6147-001,Lynwood Village Shopping Centre,
SC6148-001,Riverton Forum,
SC6149-001,Bull Creek Shopping Centre,
SC6152-001,Waterford Plaza Shopping Centre,
SC6155-001,Livingston Marketplace,
SC6155-002,Home-Co Southlands Boulevarde,
SC6157-001,Hawaiian's Melville,
SC6163-001,Phoenix Shopping Centre,
SC6164-001,Cockburn Gateway Shopping City,
SC6164-002,Lakes Shopping Centre,
SC6167-001,Kwinana Marketplace,
SC6168-001,Rockingham Centre,
SC6169-001,Warnbro Centre,
SC6171-001,Stockland Baldivis Shopping Centre,
SC6173-001,Secret Harbour Square,
SC6176-001,Singleton Village Shopping Centre,
SC6208-001,Pinjarra Junction Shopping Centre,
SC6210-001,Mandurah Forum,
SC6210-002,Halls Head Central,
SC6210-003,Erskine Central Shopping Centre,
SC6230-001,Bunbury Forum Shopping Centre,
SC6230-002,Bunbury Centre Point Shopping Centre,
SC6280-001,Vasse Village,
SC6280-002,Busselton Central Shopping Centre,
SC6280-003,Busselton Boulevard Shopping Centre,
SC6330-001,Albany Plaza,
SC6330-002,Chester Pass Mall,
SC6450-001,Esperance Boulevarde,
SC6530-001,Stirlings Central,
SC6530-002,Northgate Shopping Centre,
SC6714-001,Karratha City Plaza,
SC6725-001,Broome Boulevard Shopping Centre,
SC7008-001,New Town Plaza,
SC7010-001,Northgate Centre,
SC7010-002,Glenorchy Central,
SC7018-001,Eastlands Centre,
SC7018-002,Shoreline Plaza,
SC7050-001,Channel Court Shopping Centre,
SC7170-001,Cambridge Homemaker Centre,
SC7310-001,Devonport Homemaker Centre,
SCAE4,Southern Cross Auto Electrics,30% Discount
SCAU6,Scuba Care Australia,
SCAU8,Water NSW,
SCAU8A,Place Management NSW,
SCBR4,Score Australasia Pty Ltd,
SCC08,Shellharbour City Council,
SCCO2,Shoalhaven City Council,
SCCO4A,Diverseco Pty Ltd,
SCHAU6,Schramm Australia,
SCIS8,Shire of Cocos Islands,
SCLM4,Sunshine Coast Line Marking,
SCRC8,Sunshine Coast Council,
SCRC81,Sunshine Coast Council - Caloundra,
SCSC0,Shore City Shopping Centre P/L,
SCUN8,Shire of Cunderdin,
SDCE2,SYDNEY DIESEL CENTRE,15% Discount
SDIS6,Select Diesel Services,10% Trade Discount
SDRC8,Southern Downs Regional Council,
SDTS0,Simms Diesel & Turbocharger Servce Ltd,DHL A.C 960448988
SEAL8,Sealink,
SEAU2,Schneider Electric (Australia) Pty Ltd,
SEAU3,Secomm Australia,
SEDY3,Sensor Dynamics,
SEEL0,Service Electrical Ltd,
SENE3,Sensen Networks Pty Ltd,
SEPHAU,Sephora Australia Pty Ltd,
SEQW4,Seqwater,
SESLHD,South Eastern Sydney Local Health District,
SEWA4,Sea Wasp Australia Pty Ltd,
SFBO3,Sawers Farms Boort,
SFNS2,Forestry Corporation Of NSW,
SGAE4,St George Agricultural & Engineering Supplies,
SGEL3,Southern Generators & Electriecal Pty Ltd,10% Trade Discount 25% orders of 10+
SGGA2,LNW Gaming ANZ Pty Ltd,
SGIN6,Stealth Global Industries (Australia) Pty Ltd,
SGLMG,Sydney Gay and Lesbian Mardi Gras Ltd,
SGNO6,Shire of Gnowangerup,
SHBR8,Shire of Broome,
SHDE8,Shire of Denmark,
SHEP4,Shellby Power Pty Ltd,
SHGR8,Schramm Group,
SHKA8,City of Kalamunda,
SHMU8,Shire of Mundaring,
SHON8,Shire of Northam,
SHRCC8,Swan Hill Rural City Council,
SHTHE8,Shannon Thomas Electrical Pty Ltd,
SHTO8,Shire of Toodyay,
SHUNDS,"Shanghai Unicross Data Service Co., Ltd.",
SHYO6,Shire of York,
SIAU6,Sinwa Australia Pty Ltd,
SIIN4,Simtex International Pty Ltd,
SILO4,Simmons Logistics,
SIRU7,Sirus Mining Solutions,
SISC8,EK Nominees St Ives Shopping Village,
SJELE3,SJ Electric (VIC) Pty Ltd,
SKIL8,Rytenskild Traffic Engineering,
SLNS2,State Library of NSW,
SLRCA,SLR Consulting Australia Pty Ltd,
SLSC8,SCA Property Group-Shoreline,
SLWA001,State Library of Western Australia,
SMAN8,Shire of Manjimup,
SMGL,Smith Global,
SMGR2,Shopper Media Group Pty Ltd,
SOCA8,Shire of Capel,
SOPA2C,Rheem Australia Pty Ltd,
SORC8,Somerset Regional Council,
SPEC2,Spectrom Pty Ltd,
SPIT4,Spitwater QLD,
SRCE4,SRC Engineering Pty Ltd,
SREPS6,SREPS Capital Equipment Pty Ltd,
SRHC3,Seymour Railway Heritage Centre,
SRRC8,Scenic Rim Regional Council,
SRSP3,SRS Power Pty Ltd,
SRXG3,SRXGlobal (Australia) Pty Ltd,
SSMA0,S.S.MAKMUR SDN.BHD,
STAN8,St Andrews House Corporation Atf St Andrews House Trust,
STBC8,Stockland Bull Creek,
STBE6,Statewide Bearings,
STCA8,Stockland Caloundra,
STCE3,Steel Cement Pty Ltd,
STCE8,Swordfish Australia Sub TC P/L Atf Strathpine Trust,
STDA8,Matrix Traffic and Transport,
STE3UA,S-Tec Corporation (Australia) Pty Ltd,
STEX2,Specialist Tunnel Excavation,15% discount
STOAU,Stowe Australia Pty Ltd,
STPI8,Stockland Service Centre,
STPI8A,Stockland The Pines,
STRI8,Riverton Forum,
STSA4,Stemsafe,
STSH8,Stockland Shellharbour,
STSS8,Strathbogie Shire Council,
STSY2,Sea-Tech Systems Pty Ltd,
STUBE,Studio Below,
SUCO8,Surf Coast Shire Council,
SUHW2,Sunraysia Hardsurfacing & Wear Parts,
SUIN8,Surfrider Investments P/L The Strand At Coolangatta,
SUMI2,Summit Investments,
SUNW4,Sunwater Limited,
SUPL4,Sunshine Plaza,
SURFL8,Truckloads - Coolangatta,
SUSHC,Sutherland Shire Council,
SUSO3,Subterranean Solutions,
SVCS4,St Vincents Care Services-QLD,
SWME6,Seven West Media (WA),
SWOOP3,SWOOP Aero,
SYLM8,Museums of History NSW,
SYMA0,Sys-Mac Automation Engineering,
TABGMA,The Australian Botanic Garden Mount Annan,
TACC0,Taranaki Civil Construction Ltd,
TAMA6,J.N. Taylor & Co Pty Ltd,
TAMS8,Territory Asset Management Service,
TANU2,The Aust National University,
TAPR2,TPR Systems,
TARC8,Tablelands Regional Council,
TASE2,Tamworth Small Engines,
TAVE4,Tasman Venture,
TAWI5,Taylors Wines,
TCBC,The Canterbury-Bankstown Council,
TCBW5,T.C.B Wholesaling Pty Ltd,
TCME5,TCM Electronics,
TCRG2,TCR Group,
TDCO8,Traffic Data & Control,
TEAU6,Technical Australia Pty Ltd,
TEES8,Team Electrical Services Pty Ltd,
TEFO2,Tefol Pty Ltd,
TEIN0,Territory Instruments,
TEMA8,Traffic Engineering & Managment Ltd,
TERRA0,Terracat,
TESA2A,Teterin Sales Pty Ltd (Atf Blueblood Unit Trust),
TESE3,Traffic Engineering Services,
TESE8,TES Electrical,
TETR0,Traffic Engineering & Management Ltd,
TEWO6,Techworx Australia,
TFSO2,Total Fire Solutions,
TGME5,Thermo Gamma-Metrics Pty Ltd,
THGS2,Thomas Global Systems,
TI2P3,Ti2 Pty Ltd,
TIKSS,TIKS Solutions Pty Ltd,
TISG2,Titanium Service Group,
TJFA8,The Junction Fair Shopping Ctr,
TLDA0,Tld Asia (Shanghai) Ltd,
TLEL2,TLE Electrical,
TMSC8,Retpro Management Pty Ltd,
TNAA2U,TNA AUSTRALIA MANUFACTURING PTY LTD,
TNSW2,Transport for NSW ABN:18 804 239 602,
TOCO6U,Total Control Pty Ltd,
TOCO8,Town of Cottesloe,
TOGR4,Toll Aviation Global Express,
TOHD4,Toowoomba Heavy Diesel Pty Ltd,
TOIN6,Total Insulation,
TOLL3,Tollman Pty Ltd,
TOMR4,Timothy O'Keeffe Mechanical Repairs,
TPDA4,Torquepower,
TPIN6,The Pilbara Infrastructure Pty Ltd,
TRAN3,TransALL Motors,25% Discount new customer 22/07/22
TRAN4,Transcale Pty Ltd,
TRANZ4,Tranzmile,
TRCO8,Tamworth Regional Council,
TRCS0,Spirit Technologies,
TREQ4,Truck & Equipment Parts Pty Ltd,10%  Trade discount
TRFO8,Transmetric Pty Ltd/Geocounts,
TRGR2,Tronic Group,
TRID0,Tridonic Gmbh &Co Kg,
TRINS2,Traffic Information Specialist,
TRMA6,Truck & Machine Pty Ltd,30% discount
TRMAS3,Trelleborg Marine Systems Australia Pty Ltd,
TRMH3,Western Health - The Royal Melbourne Hospital,
TRMO3,Transall Motors,
TRPD2,Truck Parts Dubbo,
TRSP2,Truckspeed Pty Ltd,
TRSU8,Traffix Group Survey Pty Ltd,
TRTR8,Trans Traffic Survey,include tail-lift charge in freight charges based on weight
TSCO8,Temora Shire Council,
TSEA2,Technical Support Equipment,
TSHW8,Sunshine Harvester,
TSTTW,Taylor Thomson Whitting (TTW),
TSVI2,Technology Sound & Vision P/L,
TTGT2,TTGTechnology Pty Ltd,
TTMQ8,TTM Consulting Pty Ltd,
TUOA5,The University of Adelaide,
TUSC8,Snowy Valleys Council,
TYRE3,Tyrecycle,
UEAS5,Ultra Electronics Avalon,
UFIN6,United Fuel Injection Pty Ltd (Atf United Fuel Inj Unit Tst),15% Loyalty discount
UFSE4,Universal Fitting Services P/L,
UGLE2,UGL Engineering Pty Ltd,
UGLR2,UGL Rail Services,Vendor no: 10008348
UGLRL,UGL Regional Linx,
UGLUR2,UGL Unipart Rail Services P/L,
UNCA2,"UNSW Canberra, Adfa UNSW Canberra Main Store,",
UNEW2,University of Newcastle,
UNIT2,Unitronix  Pty Ltd,
UNME3,University of Melbourne School of Physics,
UNQU4,University of Queensland,
UNSW2,The University of N.S.W.,
UNSY2C,University of Sydney-Acfr Aust Centre For Field Robotics,
UNWA8,The University of Western Australia,
UNWO2,University of Wollongong,
USKG6,Hitachi Rail STS Australia Pty Ltd,
USKG6U,Hitachi Rail STS Australia Pty Ltd,
UTSO3,Ultimate Technical Solutions,
UWCI0,UWC Industrial Sdn Bhd,
VANWE,Vantage West Electrical,
VASE6,Valmec,
VBSQ3,Victorian Bluestone Quarries,
VEAU2,Venus Automation,
VEGA2,Vegagroup Pty Ltd,
VEIS2,NEPEAN Transport Equipment,30% Discount
VERS5,Verseng Group,
VI-OLD,VICINITY CENTRES,
VIASAT,Viasat Australia Pty Ltd,
VICE3,Vicinity Centres PM P/L,
VIFL2,Visionflex,
VIFL2U,Visionflex Pty Ltd,
VINT5,Vintek Pty Ltd,
VIPO3,Victoria Police Audio Now Br 8 Victoria Police Centre,
VMPM3,Val Morgan Petro Pty Ltd,
VMRM3,Val Morgan Retail Media P/L,
VOTE0,Vox Technologies,
VSPSW,VSP Security Wholesale,
WAAU4,Wasco (Australia) Pty Ltd,
WABA2,Wabtec Australia  Pty Ltd,
WADI4,Warrego Diesel Pty Ltd,
WAEL4,West Auto Electrics,
WAFP2,Wakefield Planning,
WAMA2,Scentre Shopping Ct Mgt(NSW)Pl Westfield Warringah,
WAPL8B,Swordfish Australia Sub TC P/L Atf Warrawong Trust,
WAPWS6,Parks and Wildlife Service,
WARC5,Wakefield Regional Council,
WATC4,Watco WA Rail Pty Ltd,
WAVE2,Waves Car Wash,
WAWB6,WA Waterbores,
WAWE8,Scentre Shopping Ct Mgt(VIC)Pl Westfield Airport West,
WBIS3,Wangaratta Bearings And Industrial Supplies,
WCAE2,West Cowra Auto Electrical,
WCCO8B,Wollongong City Council,
WCCO8B-001,Wollongong Art Gallery,
WCCO8B-002,Corrimal Library,
WCEN4,W Cooke Engineering,
WDES4,Wearing's Diesel Engine Services,
WDRC8,Western Downs Regional Council,
WEBE2,SCENTRE SHOPPING CT MGT(ACT)PL,
WECH2,Scentre Shopping Ct Mgt(NSW)Pl Westfield Chatswood,
WECO8,West Coast Council,
WEFG8,Scentre Shopping Ct Mgt(VIC)Pl Westfield Fountaingate,
WEHA6,Wear Hawk,
WEIN8,Scentre Shopping Centre Management (Wa) Pty Ltd,
WELI8,Scentre Shopping Ct Mgt(NSW)Pl Westfield Liverpool,
WELSC8,Wellington Shire Council,
WEPE8,Scentre Shopping Ct Mgt(NSW)Pl Westfield Penrith Sc,
WESBLA,Westpoint Blacktown,
WESO3,SCENTRE SHOPPING CT MGT(VIC)PL,
WETE4,Welcon Technologies Pty Ltd,
WHDI2,Whites Diesels Australia,
WHIN2,Wheeler Industries,
WHKC8,WHK COMMERCIAL PTY LTD,
WINT8,Wintergarden Queen Street Mall,
WIPRS2,Wireless Professional Solutions,
WISC4,Winton Shire Council,
WISH2,Wingecarribee Shire Council,
WIWE3,Winton Wetlands,
WMHHS,West Moreton Hospital & Health Service,
WMSP6,Worldwide Marine Spares,15% discount
WOCOE,Woolacotts Consulting Engineers Pty Ltd,
WOHB4,Wormald,
WOPO0,World Power Limited,15% discount
WORM4,Wormald,
WOSQ2,ISPT Pty Ltd & AWPF Mgt.No 2 Pty Ltd,
WOWO8,Wong Wong Pastoral,
WOWOR,Woolworths,
WPSC2,Scentre Shopping Ct Mgt(Act)Pl Westfield Woden,
WSCE8A,Watergarden Shopping Centre,
WSCO2A,Walcha Shire Council,
WSDM4,Whitsunday Diesel & Marine,10% Discount
WSLC8,Western Suburbs Leagues Club Illawarra Limited,
WSPAU,WSP Australia Pty Limited,
WSTA6,Western Stabilisers,
WSTR0,Wong Supplies & Trading,
WTCC8,City of West Torrens,
WVSC3,Stockland Wendouree Centre Management Office,
WWMA8,Wagga Wagga Marketplace,
XCAAV,Xcalibur Aviation (Australia) Pty Ltd,
YRSH3,Yarra Ranges Shire,
YVCO8,Yass Valley Council,
ZAKN2,Zaknic Pty Ltd,
ZEEN4,Zenith Engineering Pty Ltd,
ZENER1,Zener Electric Pty Ltd,
ZEPA6,Zenith Pacific Pty Ltd,
ZIES2,Carl Ziess Pty Ltd,
ZIGO2,Ear Pro Pty Ltd,
